respondent_id,level,format,experience,story,question,question_type,response_text,response_length_words,anchor_local,anchor_global,anchor_causal,anchor_mean_themes,anchor_theme_loyalty,anchor_theme_empathy,anchor_theme_peer_pressure,anchor_theme_kindness,keyword_composite,sim_WAYPOINT0,sim_WAYPOINT1,sim_WAYPOINT2,sim_WAYPOINT3,predicted_waypoint,semantic_quality,overall_composite,anchor_theme_loyalty_vs_honesty,anchor_theme_friendship,anchor_theme_integrity,anchor_theme_peer_loyalty,anchor_theme_temptation,anchor_theme_honesty,anchor_theme_consequences,anchor_theme_greed
R0001,WAYPOINT0,comic,moderate,cat,q1,inference,Because cats eat mice so they are really good to have around the house.,14,0.4,1.0,1.0,0.75,0.0,1.0,1.0,1.0,0.8125,,,,,,,0.8125,,,,,,,,
R0001,WAYPOINT0,comic,moderate,cat,q2,metacognitive,I just know that cats like catching mice from real life.,11,0.2,0.4,0.4,0.5,0.0,1.0,0.0,1.0,0.365,,,,,,,0.365,,,,,,,,
R0001,WAYPOINT0,comic,moderate,cat,q3,inference,I don't really know what the lesson is. Maybe to not wear a green shirt?,15,0.2,0.6,0.6,0.5,0.0,0.0,1.0,1.0,0.485,,,,,,,0.485,,,,,,,,
R0001,WAYPOINT0,comic,moderate,cat,q4,metacognitive,I said that because the main boy is wearing a green shirt in all the panels.,16,0.2,0.6,0.6,0.25,0.0,0.0,0.0,1.0,0.4475,,,,,,,0.4475,,,,,,,,
R0001,WAYPOINT0,comic,moderate,lying,q1,inference,I honestly don't know. Maybe she just forgot what she was going to say to the teacher.,17,0.4,0.8,0.5333,1.0,,,,,0.6367,,,,,,,0.6367,1.0,1.0,1.0,1.0,,,,
R0001,WAYPOINT0,comic,moderate,lying,q2,metacognitive,I just couldn't figure it out from reading the comic.,10,0.4,0.4,0.1333,0.5,,,,,0.3217,,,,,,,0.3217,0.0,1.0,1.0,0.0,,,,
R0001,WAYPOINT0,comic,moderate,lying,q3,inference,The lesson is probably that lockers are a good place to talk before class starts.,15,0.4,0.6,0.6,0.75,,,,,0.5725,,,,,,,0.5725,1.0,1.0,1.0,0.0,,,,
R0001,WAYPOINT0,comic,moderate,lying,q4,metacognitive,Because in the first few panels they are just standing by their lockers talking to each other.,17,0.4,0.6,0.4,0.5,,,,,0.465,,,,,,,0.465,0.0,1.0,1.0,0.0,,,,
R0001,WAYPOINT0,comic,moderate,stealing,q1,inference,I honestly have no clue why he decided to keep her wallet.,12,0.4,0.5,0.5,0.5,,,,,0.475,,,,,,,0.475,,,,,1.0,1.0,0.0,0.0
R0001,WAYPOINT0,comic,moderate,stealing,q2,metacognitive,"The comic didn't really tell me the reason, so I just don't know.",13,0.2,0.0,0.1333,0.5,,,,,0.1717,,,,,,,0.1717,,,,,1.0,1.0,0.0,0.0
R0001,WAYPOINT0,comic,moderate,stealing,q3,inference,Always ride your bike to the ice cream shop.,9,0.4,0.0,0.2667,0.25,,,,,0.2308,,,,,,,0.2308,,,,,0.0,1.0,0.0,0.0
R0001,WAYPOINT0,comic,moderate,stealing,q4,metacognitive,Because that's what Billy did in the story after talking to his parents.,13,0.2,0.5,0.5,0.5,,,,,0.425,,,,,,,0.425,,,,,1.0,1.0,0.0,0.0
R0002,WAYPOINT0,comic,little,cat,q1,inference,"I don't know, maybe because they played basketball.",8,0.6,0.2,0.4,0.25,0.0,0.0,0.0,1.0,0.3775,,,,,,,0.3775,,,,,,,,
R0002,WAYPOINT0,comic,little,cat,q2,metacognitive,The kids said something about basketball so I guess that's it.,11,0.4,0.4,0.4,0.25,0.0,0.0,0.0,1.0,0.3775,,,,,,,0.3775,,,,,,,,
R0002,WAYPOINT0,comic,little,cat,q3,inference,"Um, always wash your hands.",5,0.4,0.0,0.1333,0.25,0.0,0.0,0.0,1.0,0.1842,,,,,,,0.1842,,,,,,,,
R0002,WAYPOINT0,comic,little,cat,q4,metacognitive,The girl in the comic told him he had to wash his hands.,13,0.4,0.4,0.2667,0.5,0.0,0.0,1.0,1.0,0.3683,,,,,,,0.3683,,,,,,,,
R0002,WAYPOINT0,comic,little,lying,q1,inference,I don't really know. I guess she is just doing her test.,12,0.4,0.2,0.1333,0.75,,,,,0.3092,,,,,,,0.3092,1.0,1.0,0.0,1.0,,,,
R0002,WAYPOINT0,comic,little,lying,q2,metacognitive,Because she is sitting at her desk with a paper in the pictures.,13,0.6,0.8,0.2667,0.5,,,,,0.5183,,,,,,,0.5183,0.0,1.0,1.0,0.0,,,,
R0002,WAYPOINT0,comic,little,lying,q3,inference,Math is really hard to do.,6,0.4,0.4,0.2667,1.0,,,,,0.4433,,,,,,,0.4433,1.0,1.0,1.0,1.0,,,,
R0002,WAYPOINT0,comic,little,lying,q4,metacognitive,"I don't know, the teacher said they have 40 minutes to finish so it must be hard.",17,0.2,0.6,0.6,0.75,,,,,0.5225,,,,,,,0.5225,1.0,1.0,1.0,0.0,,,,
R0002,WAYPOINT0,comic,little,stealing,q1,inference,I don't really know. Maybe he just wanted a wallet.,10,0.4,0.5,0.5,0.75,,,,,0.5125,,,,,,,0.5125,,,,,1.0,1.0,0.0,1.0
R0002,WAYPOINT0,comic,little,stealing,q2,metacognitive,I just guessed cause it didn't really say why.,9,0.0,0.25,0.1667,0.25,,,,,0.1583,,,,,,,0.1583,,,,,1.0,0.0,0.0,0.0
R0002,WAYPOINT0,comic,little,stealing,q3,inference,"Um, maybe that you should eat ice cream outside.",9,0.2,0.25,0.0833,0.5,,,,,0.2167,,,,,,,0.2167,,,,,0.0,1.0,1.0,0.0
R0002,WAYPOINT0,comic,little,stealing,q4,metacognitive,Because the boy is eating his ice cream at the blue table in the picture.,15,0.2,0.25,0.1667,0.5,,,,,0.2458,,,,,,,0.2458,,,,,1.0,1.0,0.0,0.0
R0003,WAYPOINT0,text,little,cat,q1,inference,Um I don't really know. Maybe because cats like to drink milk.,12,0.2,0.8,0.5333,0.5,0.0,0.0,1.0,1.0,0.5117,,,,,,,0.5117,,,,,,,,
R0003,WAYPOINT0,text,little,cat,q2,metacognitive,I saw a cat drink milk from a bowl once.,10,0.0,0.2,0.1333,0.25,0.0,1.0,0.0,0.0,0.1342,,,,,,,0.1342,,,,,,,,
R0003,WAYPOINT0,text,little,cat,q3,inference,you should always wear a seatbelt.,6,0.2,0.0,0.0667,0.25,0.0,0.0,0.0,1.0,0.1108,,,,,,,0.1108,,,,,,,,
R0003,WAYPOINT0,text,little,cat,q4,metacognitive,cause my mom tells me to do that in the car.,11,0.0,0.6,0.6,0.5,0.0,1.0,1.0,0.0,0.435,,,,,,,0.435,,,,,,,,
R0003,WAYPOINT0,text,little,lying,q1,inference,I don't know why.,4,0.2,0.0,0.0,0.25,,,,,0.0875,,,,,,,0.0875,1.0,0.0,0.0,0.0,,,,
R0003,WAYPOINT0,text,little,lying,q2,metacognitive,It just doesn't say in the story.,7,0.2,0.0,0.0667,0.0,,,,,0.0733,,,,,,,0.0733,0.0,0.0,0.0,0.0,,,,
R0003,WAYPOINT0,text,little,lying,q3,inference,that tests are 40 minutes long.,6,0.4,0.0,0.2667,0.25,,,,,0.2308,,,,,,,0.2308,1.0,0.0,0.0,0.0,,,,
R0003,WAYPOINT0,text,little,lying,q4,metacognitive,cause the teacher said you have 40 minutes.,8,0.4,0.6,0.2,0.5,,,,,0.395,,,,,,,0.395,0.0,1.0,1.0,0.0,,,,
R0003,WAYPOINT0,text,little,stealing,q1,inference,"Um, maybe because wallets can hold pictures.",7,0.4,0.5,0.3333,0.5,,,,,0.4167,,,,,,,0.4167,,,,,1.0,1.0,0.0,0.0
R0003,WAYPOINT0,text,little,stealing,q2,metacognitive,My mom keeps pictures in her wallet so I just thought of that.,13,0.2,0.25,0.1667,0.25,,,,,0.2083,,,,,,,0.2083,,,,,1.0,0.0,0.0,0.0
R0003,WAYPOINT0,text,little,stealing,q3,inference,I don't really know a lesson. Maybe that the beach is pretty.,12,0.4,0.0,0.2667,0.25,,,,,0.2308,,,,,,,0.2308,,,,,0.0,1.0,0.0,0.0
R0003,WAYPOINT0,text,little,stealing,q4,metacognitive,"I just didn't know what to say, but he rode his bike to the beach at the start.",18,0.6,0.25,0.2,0.5,,,,,0.3575,,,,,,,0.3575,,,,,1.0,1.0,0.0,0.0
R0004,WAYPOINT0,comic,none,cat,q1,inference,i dont know.,3,0.0,0.4,0.1333,0.25,0.0,1.0,0.0,0.0,0.1842,,,,,,,0.1842,,,,,,,,
R0004,WAYPOINT0,comic,none,cat,q2,metacognitive,i dont know how to do this.,7,0.0,0.4,0.2667,0.5,0.0,1.0,1.0,0.0,0.2683,,,,,,,0.2683,,,,,,,,
R0004,WAYPOINT0,comic,none,cat,q3,inference,cats drink milk.,3,0.0,0.2,0.1333,0.0,0.0,0.0,0.0,0.0,0.0967,,,,,,,0.0967,,,,,,,,
R0004,WAYPOINT0,comic,none,cat,q4,metacognitive,i saw a cat drink milk on tv.,8,0.0,0.2,0.1333,0.25,0.0,1.0,0.0,0.0,0.1342,,,,,,,0.1342,,,,,,,,
R0004,WAYPOINT0,comic,none,lying,q1,inference,i dont no.,3,0.2,0.0,0.0,0.25,,,,,0.0875,,,,,,,0.0875,1.0,0.0,0.0,0.0,,,,
R0004,WAYPOINT0,comic,none,lying,q2,metacognitive,im not sure.,3,0.2,0.0,0.0,0.0,,,,,0.05,,,,,,,0.05,0.0,0.0,0.0,0.0,,,,
R0004,WAYPOINT0,comic,none,lying,q3,inference,math is hard to do.,5,0.4,0.2,0.2667,0.75,,,,,0.3558,,,,,,,0.3558,1.0,1.0,1.0,0.0,,,,
R0004,WAYPOINT0,comic,none,lying,q4,metacognitive,because they are in math class.,6,0.6,0.4,0.2,0.5,,,,,0.395,,,,,,,0.395,0.0,1.0,1.0,0.0,,,,
R0004,WAYPOINT0,comic,none,stealing,q1,inference,I dont know.,3,0.2,0.0,0.0667,0.25,,,,,0.1108,,,,,,,0.1108,,,,,0.0,1.0,0.0,0.0
R0004,WAYPOINT0,comic,none,stealing,q2,metacognitive,i dont know what to write.,6,0.2,0.0,0.2,0.25,,,,,0.1575,,,,,,,0.1575,,,,,0.0,1.0,0.0,0.0
R0004,WAYPOINT0,comic,none,stealing,q3,inference,ice cream is good.,4,0.2,0.25,0.1667,0.5,,,,,0.2458,,,,,,,0.2458,,,,,1.0,1.0,0.0,0.0
R0004,WAYPOINT0,comic,none,stealing,q4,metacognitive,he eats ice cream at the table.,7,0.2,0.0,0.0667,0.25,,,,,0.1108,,,,,,,0.1108,,,,,0.0,1.0,0.0,0.0
R0005,WAYPOINT0,text,lot,cat,q1,inference,He kept the cat because domestic felines are historically descended from wildcats and are currently one of the most common household pets globally.,23,0.8,0.6,0.8,0.25,0.0,0.0,0.0,1.0,0.6675,,,,,,,0.6675,,,,,,,,
R0005,WAYPOINT0,text,lot,cat,q2,metacognitive,I thought of this fact because I recently watched a rather fascinating documentary regarding the evolutionary history and domestication of urban animals.,22,0.2,0.4,0.4,0.5,0.0,1.0,0.0,1.0,0.365,,,,,,,0.365,,,,,,,,
R0005,WAYPOINT0,text,lot,cat,q3,inference,"To be completely honest, I do not believe there is any coherent moral or lesson to be extracted from this particular narrative.",22,0.4,0.8,0.8,0.5,1.0,0.0,1.0,0.0,0.655,,,,,,,0.655,,,,,,,,
R0005,WAYPOINT0,text,lot,cat,q4,metacognitive,I reached this conclusion simply because the events described are quite literal and do not seem to convey any deeper philosophical meaning or ethical takeaway.,25,0.4,0.8,0.8,0.75,1.0,1.0,0.0,1.0,0.6925,,,,,,,0.6925,,,,,,,,
R0005,WAYPOINT0,text,lot,lying,q1,inference,I genuinely have absolutely no idea why Sarah ultimately chose to respond to Ms. Craig in that manner.,18,0.6,0.4,0.6,0.75,,,,,0.5725,,,,,,,0.5725,1.0,1.0,1.0,0.0,,,,
R0005,WAYPOINT0,text,lot,lying,q2,metacognitive,"I arrived at this conclusion simply because I could not extract a coherent justification from the passage, leaving me entirely uncertain about her underlying rationale.",25,0.2,1.0,0.6667,1.0,,,,,0.6833,,,,,,,0.6833,1.0,1.0,1.0,1.0,,,,
R0005,WAYPOINT0,text,lot,lying,q3,inference,A fascinating lesson one might draw from this narrative is that the architectural layout of contemporary middle school classrooms typically features desks arranged in sequential rows.,26,0.6,1.0,0.6667,1.0,,,,,0.7833,,,,,,,0.7833,1.0,1.0,1.0,1.0,,,,
R0005,WAYPOINT0,text,lot,lying,q4,metacognitive,My reasoning stems directly from the detail that Rachel was able to look over the shoulder of the student positioned immediately in front of her.,25,0.6,0.4,0.6,0.75,,,,,0.5725,,,,,,,0.5725,1.0,1.0,1.0,0.0,,,,
R0005,WAYPOINT0,text,lot,stealing,q1,inference,I am honestly completely unsure as to why Billy chose to hold onto the wallet.,15,0.6,0.5,0.6,0.5,,,,,0.56,,,,,,,0.56,,,,,1.0,1.0,0.0,0.0
R0005,WAYPOINT0,text,lot,stealing,q2,metacognitive,"The narrative just states that he grabbed it after the lady walked away, so I don't really know how to explain his actual motivation.",24,0.4,0.0,0.2667,0.5,,,,,0.2683,,,,,,,0.2683,,,,,1.0,1.0,0.0,0.0
R0005,WAYPOINT0,text,lot,stealing,q3,inference,One lesson someone might take away is that it is incredibly important to stay hydrated while exercising during a bike trip to the beach.,24,0.6,0.75,0.75,0.75,,,,,0.7125,,,,,,,0.7125,,,,,1.0,1.0,1.0,0.0
R0005,WAYPOINT0,text,lot,stealing,q4,metacognitive,"I thought of this because riding a bicycle requires a substantial amount of physical exertion, and proper hydration is key to maintaining your overall stamina.",25,0.2,0.5,0.5,0.75,,,,,0.4625,,,,,,,0.4625,,,,,1.0,1.0,0.0,1.0
R0006,WAYPOINT0,text,none,cat,q1,inference,cats drink milk,3,0.0,0.2,0.1333,0.0,0.0,0.0,0.0,0.0,0.0967,,,,,,,0.0967,,,,,,,,
R0006,WAYPOINT0,text,none,cat,q2,metacognitive,my grandma has a cat,5,0.0,0.0,0.0,0.0,0.0,0.0,0.0,0.0,0.0,,,,,,,0.0,,,,,,,,
R0006,WAYPOINT0,text,none,cat,q3,inference,i dont know,3,0.0,0.4,0.1333,0.25,0.0,1.0,0.0,0.0,0.1842,,,,,,,0.1842,,,,,,,,
R0006,WAYPOINT0,text,none,cat,q4,metacognitive,im not sure,3,0.0,0.2,0.0,0.0,0.0,0.0,0.0,0.0,0.05,,,,,,,0.05,,,,,,,,
R0006,WAYPOINT0,text,none,lying,q1,inference,i dont know,3,0.4,0.0,0.0,0.75,,,,,0.2125,,,,,,,0.2125,1.0,1.0,1.0,0.0,,,,
R0006,WAYPOINT0,text,none,lying,q2,metacognitive,im just not sure,4,0.4,0.0,0.0,0.25,,,,,0.1375,,,,,,,0.1375,0.0,1.0,0.0,0.0,,,,
R0006,WAYPOINT0,text,none,lying,q3,inference,math is fun,3,0.4,0.0,0.1333,0.0,,,,,0.1467,,,,,,,0.1467,0.0,0.0,0.0,0.0,,,,
R0006,WAYPOINT0,text,none,lying,q4,metacognitive,i like math at school,5,0.4,0.0,0.1333,0.0,,,,,0.1467,,,,,,,0.1467,0.0,0.0,0.0,0.0,,,,
R0006,WAYPOINT0,text,none,stealing,q1,inference,i dont know.,3,0.2,0.0,0.0667,0.25,,,,,0.1108,,,,,,,0.1108,,,,,0.0,1.0,0.0,0.0
R0006,WAYPOINT0,text,none,stealing,q2,metacognitive,im just not sure.,4,0.2,0.0,0.0,0.5,,,,,0.125,,,,,,,0.125,,,,,1.0,0.0,0.0,1.0
R0006,WAYPOINT0,text,none,stealing,q3,inference,ice cream tastes good.,4,0.2,0.25,0.1667,0.5,,,,,0.2458,,,,,,,0.2458,,,,,1.0,1.0,0.0,0.0
R0006,WAYPOINT0,text,none,stealing,q4,metacognitive,he ate ice cream.,4,0.2,0.0,0.0667,0.0,,,,,0.0733,,,,,,,0.0733,,,,,0.0,0.0,0.0,0.0
R0007,WAYPOINT0,text,moderate,cat,q1,inference,"I don't really know, maybe he just likes to have animals around because they eat bugs.",16,0.4,0.8,0.5333,0.75,0.0,1.0,1.0,1.0,0.5992,,,,,,,0.5992,,,,,,,,
R0007,WAYPOINT0,text,moderate,cat,q2,metacognitive,I couldn't really find the exact answer so I just guessed since my own cat eats bugs at my house.,20,0.2,0.8,0.8,0.0,0.0,0.0,0.0,0.0,0.53,,,,,,,0.53,,,,,,,,
R0007,WAYPOINT0,text,moderate,cat,q3,inference,A good lesson is that you should always bring a jacket or umbrella when you go outside on a cloudy day.,21,0.4,0.8,0.8,0.75,0.0,1.0,1.0,1.0,0.6925,,,,,,,0.6925,,,,,,,,
R0007,WAYPOINT0,text,moderate,cat,q4,metacognitive,"Because the story mentioned it was raining and cold, and you don't want to get stuck in the rain without one.",21,0.4,0.6,0.6,0.25,0.0,0.0,0.0,1.0,0.4975,,,,,,,0.4975,,,,,,,,
R0007,WAYPOINT0,text,moderate,lying,q1,inference,I honestly don't know why she didn't tell the teacher.,10,0.4,0.2,0.1333,0.5,,,,,0.2717,,,,,,,0.2717,1.0,1.0,0.0,0.0,,,,
R0007,WAYPOINT0,text,moderate,lying,q2,metacognitive,"It just says she answered the teacher and then went back to taking her test, so I'm not sure.",19,0.6,0.6,0.6,0.75,,,,,0.6225,,,,,,,0.6225,0.0,1.0,1.0,1.0,,,,
R0007,WAYPOINT0,text,moderate,lying,q3,inference,A lesson could be that you should always use a good pencil when you bubble in answers.,17,0.8,0.6,0.5333,0.75,,,,,0.6492,,,,,,,0.6492,1.0,1.0,1.0,0.0,,,,
R0007,WAYPOINT0,text,moderate,lying,q4,metacognitive,Because the story talked about how Rachel was bubbling in every answer on her sheet really quickly.,17,0.8,1.0,0.3333,1.0,,,,,0.7167,,,,,,,0.7167,1.0,1.0,1.0,1.0,,,,
R0007,WAYPOINT0,text,moderate,stealing,q1,inference,Because wallets are used to hold important things like business cards and IDs.,13,0.4,0.5,0.5,0.75,,,,,0.5125,,,,,,,0.5125,,,,,1.0,1.0,1.0,0.0
R0007,WAYPOINT0,text,moderate,stealing,q2,metacognitive,That's just what wallets are used for in real life so I thought of that.,15,0.2,0.25,0.1667,0.25,,,,,0.2083,,,,,,,0.2083,,,,,1.0,0.0,0.0,0.0
R0007,WAYPOINT0,text,moderate,stealing,q3,inference,I don't really know what the lesson would be.,9,0.2,0.25,0.1667,0.25,,,,,0.2083,,,,,,,0.2083,,,,,0.0,1.0,0.0,0.0
R0007,WAYPOINT0,text,moderate,stealing,q4,metacognitive,The story just ends with him talking to the lady and doesn't explain a lesson.,15,0.0,0.0,0.0,0.75,,,,,0.1125,,,,,,,0.1125,,,,,1.0,1.0,1.0,0.0
R0008,WAYPOINT0,comic,lot,cat,q1,inference,I am honestly completely uncertain as to why the boy chose to keep the feline. A logical explanation simply doesn't manifest for me.,23,0.4,0.8,0.5333,0.5,1.0,0.0,1.0,0.0,0.5617,,,,,,,0.5617,,,,,,,,
R0008,WAYPOINT0,comic,lot,cat,q2,metacognitive,"I formulated that response because I genuinely do not know. I reviewed the sequence of the panels extensively, but his exact psychological motivation remains entirely ambiguous to me.",28,0.4,1.0,1.0,1.0,1.0,1.0,1.0,1.0,0.85,,,,,,,0.85,,,,,,,,
R0008,WAYPOINT0,comic,lot,cat,q3,inference,A potential takeaway from this narrative is that basketball is a rigorous sport that significantly enhances cardiovascular health and overall physical agility.,22,0.4,0.4,0.4,0.5,0.0,0.0,1.0,1.0,0.415,,,,,,,0.415,,,,,,,,
R0008,WAYPOINT0,comic,lot,cat,q4,metacognitive,I concluded this because the youths are explicitly depicted discussing and playing basketball. It is a universally established scientific fact that engaging in such dynamic team sports is phenomenal for your physical well-being.,33,0.6,0.8,0.8,0.25,0.0,0.0,0.0,1.0,0.6675,,,,,,,0.6675,,,,,,,,
R0008,WAYPOINT0,comic,lot,lying,q1,inference,I honestly have absolutely no idea why Sarah decided to keep that information from her instructor.,16,0.4,0.6,0.6,1.0,,,,,0.61,,,,,,,0.61,1.0,1.0,1.0,1.0,,,,
R0008,WAYPOINT0,comic,lot,lying,q2,metacognitive,I formulated this response because I simply couldn't deduce a logical explanation for her behavior from the provided illustrations.,19,0.4,1.0,0.6667,0.75,,,,,0.6958,,,,,,,0.6958,1.0,0.0,1.0,1.0,,,,
R0008,WAYPOINT0,comic,lot,lying,q3,inference,A lesson you could potentially learn from this story is that green chalkboards are an outdated technology for modern classrooms.,20,0.2,0.6,0.4,1.0,,,,,0.49,,,,,,,0.49,1.0,1.0,1.0,1.0,,,,
R0008,WAYPOINT0,comic,lot,lying,q4,metacognitive,"I based this conclusion entirely on the illustration of the teacher standing in front of the board, which just reminded me that most educational facilities use smartboards nowadays.",28,0.4,0.8,0.5333,1.0,,,,,0.6367,,,,,,,0.6367,1.0,1.0,1.0,1.0,,,,
R0008,WAYPOINT0,comic,lot,stealing,q1,inference,I genuinely have no idea why he decided to keep the lady's wallet. Perhaps he is just an avid collector of random leather accessories.,24,0.4,0.5,0.5,0.75,,,,,0.5125,,,,,,,0.5125,,,,,1.0,1.0,0.0,1.0
R0008,WAYPOINT0,comic,lot,stealing,q2,metacognitive,"I came to that conclusion because people frequently develop unique hobbies, and since I really don't know the actual reason, collecting seemed like a plausible enough explanation.",27,0.2,0.25,0.25,0.75,,,,,0.3125,,,,,,,0.3125,,,,,1.0,1.0,1.0,0.0
R0008,WAYPOINT0,comic,lot,stealing,q3,inference,The main takeaway from this narrative is that you should always make sure to enjoy a large ice cream cone when you are visiting a shop.,26,0.2,0.5,0.5,0.5,,,,,0.425,,,,,,,0.425,,,,,1.0,1.0,0.0,0.0
R0008,WAYPOINT0,comic,lot,stealing,q4,metacognitive,"I formulated this answer because there is a very detailed drawing of a giant blue ice cream cone on the wall of the parlor, which really stood out to me.",30,0.2,0.25,0.25,0.5,,,,,0.275,,,,,,,0.275,,,,,0.0,1.0,1.0,0.0
R0009,WAYPOINT1,text,lot,cat,q1,inference,"The red-headed boy kept the cat because he saw how sad the cat was while it was wet, cold, and shaking in the rain.",24,0.6,0.6,0.6,0.5,0.0,1.0,0.0,1.0,0.585,,,,,,,0.585,,,,,,,,
R0009,WAYPOINT1,text,lot,cat,q2,metacognitive,"The story directly mentions that Bruno noticed the cat was sad when the other boys were laughing at it, which caused him to call the cat a real friend and take it home.",33,0.6,0.6,0.6,0.75,0.0,1.0,1.0,1.0,0.6225,,,,,,,0.6225,,,,,,,,
R0009,WAYPOINT1,text,lot,cat,q3,inference,"A lesson you could learn is that if other boys say they will not let you play basketball with them for touching a dirty cat, you can just pet it anyways and take it home.",35,0.8,0.8,0.8,0.5,0.0,1.0,0.0,1.0,0.755,,,,,,,0.755,,,,,,,,
R0009,WAYPOINT1,text,lot,cat,q4,metacognitive,"I wrote this because the text explicitly states that the other boys told Bruno he couldn't play basketball if he touched the cat, but Bruno bent down, petted the cat, and took it to his home.",36,0.8,0.4,0.8,0.5,0.0,0.0,1.0,1.0,0.655,,,,,,,0.655,,,,,,,,
R0009,WAYPOINT1,text,lot,lying,q1,inference,Sarah decides not to tell the teacher because Rachel directly asks her to keep quiet and points out that they are best friends.,23,0.4,0.6,0.6,0.5,,,,,0.535,,,,,,,0.535,0.0,1.0,0.0,1.0,,,,
R0009,WAYPOINT1,text,lot,lying,q2,metacognitive,"I concluded this because right after Rachel is caught copying, she whispers to Sarah, 'Don't tell on me. I'm your best friend,' and then Sarah immediately tells the teacher that nothing is going on.",34,1.0,0.8,1.0,1.0,,,,,0.95,,,,,,,0.95,1.0,1.0,1.0,1.0,,,,
R0009,WAYPOINT1,text,lot,lying,q3,inference,"A lesson someone could learn is that if you choose not to study for a test, you might end up just guessing or copying someone else's answers.",27,0.8,0.4,0.8,1.0,,,,,0.73,,,,,,,0.73,1.0,1.0,1.0,1.0,,,,
R0009,WAYPOINT1,text,lot,lying,q4,metacognitive,"I based this on the text where Rachel admits she didn't study at all, and during the test Sarah sees her rapidly guessing and then looking over another student's shoulder to copy his answer sheet.",35,0.6,0.6,0.4,0.75,,,,,0.5525,,,,,,,0.5525,1.0,0.0,1.0,1.0,,,,
R0009,WAYPOINT1,text,lot,stealing,q1,inference,"Billy kept the lady's wallet because it contained exactly $300, which he realized he could use to purchase the beautiful bike he desired.",23,0.6,0.5,0.6,0.75,,,,,0.5975,,,,,,,0.5975,,,,,1.0,1.0,0.0,1.0
R0009,WAYPOINT1,text,lot,stealing,q2,metacognitive,"The text explicitly states that Billy opened the wallet, found the $300 inside, and directly said he could use that money to buy the red bike.",26,0.8,0.75,0.8,0.75,,,,,0.78,,,,,,,0.78,,,,,1.0,1.0,1.0,0.0
R0009,WAYPOINT1,text,lot,stealing,q3,inference,"A lesson someone might learn is that if you leave your wallet unattended at a table, another person who is upset about not getting a bike might take your money.",30,0.6,0.75,0.75,1.0,,,,,0.75,,,,,,,0.75,,,,,1.0,1.0,1.0,1.0
R0009,WAYPOINT1,text,lot,stealing,q4,metacognitive,"I thought of this because the narrative explicitly describes the lady forgetting her wallet on the table next to Billy, which gave him the opportunity to grab it and lie to her about it.",34,0.8,0.75,0.8,0.5,,,,,0.7425,,,,,,,0.7425,,,,,1.0,1.0,0.0,0.0
R0010,WAYPOINT1,text,none,cat,q1,inference,He keeped the cat cause it was wet and sad in the rain.,13,0.2,0.6,0.6,0.25,0.0,0.0,0.0,1.0,0.4475,,,,,,,0.4475,,,,,,,,
R0010,WAYPOINT1,text,none,cat,q2,metacognitive,The story said he saw how sad the cat was.,10,0.0,0.2,0.0667,0.5,0.0,1.0,0.0,1.0,0.1483,,,,,,,0.1483,,,,,,,,
R0010,WAYPOINT1,text,none,cat,q3,inference,To take the dirty cat home even if boys say you cant play basketball.,14,0.8,0.2,0.5333,0.75,1.0,1.0,1.0,0.0,0.5492,,,,,,,0.5492,,,,,,,,
R0010,WAYPOINT1,text,none,cat,q4,metacognitive,Because the story say Bruno pet the cat anyways when the boys said no basketball.,15,0.8,0.4,0.5333,0.5,1.0,0.0,0.0,1.0,0.5617,,,,,,,0.5617,,,,,,,,
R0010,WAYPOINT1,text,none,lying,q1,inference,Rachel said shhhh and told her not to tell.,9,0.4,0.0,0.2667,0.0,,,,,0.1933,,,,,,,0.1933,0.0,0.0,0.0,0.0,,,,
R0010,WAYPOINT1,text,none,lying,q2,metacognitive,I read it in the story where Rachel whispered she is her best friend.,14,0.4,0.8,0.2667,0.75,,,,,0.5058,,,,,,,0.5058,0.0,1.0,1.0,1.0,,,,
R0010,WAYPOINT1,text,none,lying,q3,inference,Dont tell on your best friend.,6,0.4,0.4,0.0,0.75,,,,,0.3125,,,,,,,0.3125,1.0,1.0,0.0,1.0,,,,
R0010,WAYPOINT1,text,none,lying,q4,metacognitive,Because Sarah said nothing is going on to the teacher.,10,0.4,0.6,0.4,0.5,,,,,0.465,,,,,,,0.465,1.0,0.0,1.0,0.0,,,,
R0010,WAYPOINT1,text,none,stealing,q1,inference,to buy the red bike.,5,0.2,0.25,0.0833,0.25,,,,,0.1792,,,,,,,0.1792,,,,,0.0,1.0,0.0,0.0
R0010,WAYPOINT1,text,none,stealing,q2,metacognitive,he said wow is this 300 and said he could buy the bike.,13,0.4,0.25,0.2667,0.25,,,,,0.2933,,,,,,,0.2933,,,,,0.0,1.0,0.0,0.0
R0010,WAYPOINT1,text,none,stealing,q3,inference,dont leave your wallet on the table.,7,0.6,0.5,0.6,0.75,,,,,0.5975,,,,,,,0.5975,,,,,1.0,1.0,1.0,0.0
R0010,WAYPOINT1,text,none,stealing,q4,metacognitive,cause the lady forgot her wallet and billy grabbed it.,10,0.6,0.25,0.6,0.25,,,,,0.46,,,,,,,0.46,,,,,0.0,1.0,0.0,0.0
R0011,WAYPOINT1,comic,none,cat,q1,inference,he saw the cat was sad.,6,0.0,0.0,0.0,0.5,0.0,1.0,0.0,1.0,0.075,,,,,,,0.075,,,,,,,,
R0011,WAYPOINT1,comic,none,cat,q2,metacognitive,it says in the box the red headed boy saw how sad the cat was.,15,0.6,0.4,0.4,0.5,0.0,1.0,0.0,1.0,0.465,,,,,,,0.465,,,,,,,,
R0011,WAYPOINT1,comic,none,cat,q3,inference,pet the cat anyways.,4,0.2,0.0,0.0667,0.25,0.0,0.0,0.0,1.0,0.1108,,,,,,,0.1108,,,,,,,,
R0011,WAYPOINT1,comic,none,cat,q4,metacognitive,because the words said the boy bent down and pet the cat anyways when the kids were mad.,18,0.4,0.4,0.4,0.25,0.0,0.0,0.0,1.0,0.3775,,,,,,,0.3775,,,,,,,,
R0011,WAYPOINT1,comic,none,lying,q1,inference,rachel said don't tell on me cause they are best friends.,11,0.8,0.2,0.2667,0.5,,,,,0.4183,,,,,,,0.4183,0.0,1.0,0.0,1.0,,,,
R0011,WAYPOINT1,comic,none,lying,q2,metacognitive,i read it in the talking circle.,7,0.4,0.4,0.1333,0.5,,,,,0.3217,,,,,,,0.3217,0.0,1.0,1.0,0.0,,,,
R0011,WAYPOINT1,comic,none,lying,q3,inference,to not cheat on the math test.,7,0.2,0.0,0.1333,0.0,,,,,0.0967,,,,,,,0.0967,0.0,0.0,0.0,0.0,,,,
R0011,WAYPOINT1,comic,none,lying,q4,metacognitive,the teacher wrote no cheating on the board.,8,0.2,0.0,0.0667,0.0,,,,,0.0733,,,,,,,0.0733,0.0,0.0,0.0,0.0,,,,
R0011,WAYPOINT1,comic,none,stealing,q1,inference,he wanted to buy the red bike.,7,0.2,0.5,0.3333,0.5,,,,,0.3667,,,,,,,0.3667,,,,,0.0,1.0,0.0,1.0
R0011,WAYPOINT1,comic,none,stealing,q2,metacognitive,the picture shows him saying he could buy the red bike with the 300 dollars.,15,0.4,0.25,0.2667,0.5,,,,,0.3308,,,,,,,0.3308,,,,,1.0,1.0,0.0,0.0
R0011,WAYPOINT1,comic,none,stealing,q3,inference,dont keep wallets and lie about it.,7,0.2,0.5,0.3333,0.25,,,,,0.3292,,,,,,,0.3292,,,,,0.0,1.0,0.0,0.0
R0011,WAYPOINT1,comic,none,stealing,q4,metacognitive,because at the end he said he didnt know where it is when the lady asked.,16,0.2,0.5,0.5,0.75,,,,,0.4625,,,,,,,0.4625,,,,,1.0,1.0,1.0,0.0
R0012,WAYPOINT1,comic,moderate,cat,q1,inference,He kept the cat because he saw how sad it was in the rain and decided to call it his real friend.,22,0.6,0.8,0.8,0.75,0.0,1.0,1.0,1.0,0.7425,,,,,,,0.7425,,,,,,,,
R0012,WAYPOINT1,comic,moderate,cat,q2,metacognitive,"In the story it says the red headed boy saw how sad the cat was, and then he tells the cat he is taking him to his new home.",29,0.6,0.4,0.6,0.75,0.0,1.0,1.0,1.0,0.5725,,,,,,,0.5725,,,,,,,,
R0012,WAYPOINT1,comic,moderate,cat,q3,inference,You shouldn't listen to the mean kids when they say you can't play basketball with them if you touch a dirty cat.,22,0.4,0.2,0.1333,0.5,0.0,0.0,1.0,1.0,0.2717,,,,,,,0.2717,,,,,,,,
R0012,WAYPOINT1,comic,moderate,cat,q4,metacognitive,"Because the kid in the blue shirt yelled that he wouldn't let him play basketball, but the red headed boy bent down and pet the cat anyways.",27,0.8,0.8,0.8,0.25,0.0,0.0,0.0,1.0,0.7175,,,,,,,0.7175,,,,,,,,
R0012,WAYPOINT1,comic,moderate,lying,q1,inference,She doesn't tell the teacher because Rachel whispered to her and said 'Don't tell on me. I'm your best friend.',20,0.8,0.4,0.8,0.5,,,,,0.655,,,,,,,0.655,0.0,1.0,0.0,1.0,,,,
R0012,WAYPOINT1,comic,moderate,lying,q2,metacognitive,I got it from the comic. There is a speech bubble where Rachel says that exact thing to Sarah.,19,0.4,0.8,0.8,0.5,,,,,0.655,,,,,,,0.655,0.0,0.0,1.0,1.0,,,,
R0012,WAYPOINT1,comic,moderate,lying,q3,inference,A lesson could be that you should tell the teacher nothing is going on if your best friend asks you not to tell on them.,25,0.6,0.6,0.4,0.75,,,,,0.5525,,,,,,,0.5525,0.0,1.0,1.0,1.0,,,,
R0012,WAYPOINT1,comic,moderate,lying,q4,metacognitive,"Because that is what happens at the end of the story. The teacher asks Sarah if something is going on, and Sarah says nothing is going on and keeps taking her test.",32,0.6,0.8,0.5333,1.0,,,,,0.6867,,,,,,,0.6867,1.0,1.0,1.0,1.0,,,,
R0012,WAYPOINT1,comic,moderate,stealing,q1,inference,He kept the wallet because it had $300 inside and he wanted to buy the red bike he saw earlier.,20,0.4,1.0,1.0,1.0,,,,,0.85,,,,,,,0.85,,,,,1.0,1.0,1.0,1.0
R0012,WAYPOINT1,comic,moderate,stealing,q2,metacognitive,"The comic shows him opening the wallet, seeing the money, and saying 'With that money, I could buy that red bike!'",21,0.4,0.75,0.5,0.5,,,,,0.5375,,,,,,,0.5375,,,,,1.0,1.0,0.0,0.0
R0012,WAYPOINT1,comic,moderate,stealing,q3,inference,You shouldn't lie and keep a lady's wallet just because you want a new bike.,15,0.2,0.75,0.75,0.75,,,,,0.6125,,,,,,,0.6125,,,,,1.0,1.0,0.0,1.0
R0012,WAYPOINT1,comic,moderate,stealing,q4,metacognitive,"Because in the story, Billy gets mad his parents won't buy him the $300 bike, so he takes the wallet the lady left behind and tells her he doesn't know where it is.",33,0.8,0.5,0.8,0.5,,,,,0.68,,,,,,,0.68,,,,,1.0,1.0,0.0,0.0
R0013,WAYPOINT1,comic,little,cat,q1,inference,"Um, I think he kept the cat because he saw that it was sad and sitting in the rain shaking.",20,0.4,0.6,0.6,0.5,0.0,1.0,0.0,1.0,0.535,,,,,,,0.535,,,,,,,,
R0013,WAYPOINT1,comic,little,cat,q2,metacognitive,"Because the words in the comic say the boy saw how sad the cat was, and then he called him a real friend and took him home.",27,0.4,0.8,0.8,0.5,0.0,1.0,0.0,1.0,0.655,,,,,,,0.655,,,,,,,,
R0013,WAYPOINT1,comic,little,cat,q3,inference,Maybe the lesson is to pet the dirty cat even if other kids say they won't play basketball with you.,20,0.8,0.0,0.5333,0.75,1.0,0.0,1.0,1.0,0.4992,,,,,,,0.4992,,,,,,,,
R0013,WAYPOINT1,comic,little,cat,q4,metacognitive,I picked that because at the end the boy bent down and pet the cat anyways when the kids were yelling at him to stop.,25,0.4,0.4,0.4,0.5,0.0,0.0,1.0,1.0,0.415,,,,,,,0.415,,,,,,,,
R0013,WAYPOINT1,comic,little,lying,q1,inference,Sarah doesn't tell because Rachel is her best friend and asked her not to tell.,15,0.6,0.4,0.4,0.5,,,,,0.465,,,,,,,0.465,0.0,1.0,0.0,1.0,,,,
R0013,WAYPOINT1,comic,little,lying,q2,metacognitive,Rachel says 'Don't tell on me. I'm your best friend' in one of the bubbles.,15,1.0,0.6,0.3333,0.75,,,,,0.6292,,,,,,,0.6292,0.0,1.0,1.0,1.0,,,,
R0013,WAYPOINT1,comic,little,lying,q3,inference,To not cheat on your tests.,6,0.0,0.0,0.0,0.0,,,,,0.0,,,,,,,0.0,0.0,0.0,0.0,0.0,,,,
R0013,WAYPOINT1,comic,little,lying,q4,metacognitive,Because the teacher told them no cheating and it was written on the board.,14,0.4,0.8,0.2667,0.5,,,,,0.4683,,,,,,,0.4683,1.0,0.0,1.0,0.0,,,,
R0013,WAYPOINT1,comic,little,stealing,q1,inference,"Well, he wanted to buy the red bike. He opened the wallet and saw 300 dollars inside it.",18,0.6,0.75,0.75,1.0,,,,,0.75,,,,,,,0.75,,,,,1.0,1.0,1.0,1.0
R0013,WAYPOINT1,comic,little,stealing,q2,metacognitive,"In the picture he says 'With that money, I could buy that red bike!'",14,0.2,0.25,0.0833,0.5,,,,,0.2167,,,,,,,0.2167,,,,,1.0,1.0,0.0,0.0
R0013,WAYPOINT1,comic,little,stealing,q3,inference,"Um, don't leave your wallet at the table when you get ice cream.",13,0.2,0.5,0.1667,0.5,,,,,0.3083,,,,,,,0.3083,,,,,1.0,1.0,0.0,0.0
R0013,WAYPOINT1,comic,little,stealing,q4,metacognitive,"Because the story says the lady left her wallet on the table and Billy grabbed it, so she couldn't find it.",21,0.8,0.25,0.5333,0.25,,,,,0.4867,,,,,,,0.4867,,,,,0.0,1.0,0.0,0.0
R0014,WAYPOINT1,text,moderate,cat,q1,inference,"He kept the cat because he saw that it was sitting in the rain, wet, cold, and shaking, and he called the cat a real friend.",26,0.6,0.8,0.8,0.5,0.0,1.0,0.0,1.0,0.705,,,,,,,0.705,,,,,,,,
R0014,WAYPOINT1,text,moderate,cat,q2,metacognitive,"The story says the red headed boy saw how sad the cat was, so he walked over to it and told the cat he was going to take it to his home.",32,0.6,0.6,0.6,0.75,0.0,1.0,1.0,1.0,0.6225,,,,,,,0.6225,,,,,,,,
R0014,WAYPOINT1,text,moderate,cat,q3,inference,A lesson you can learn is to pet a sad cat even if other kids say you can't play basketball with them anymore.,23,0.6,0.0,0.6,0.75,1.0,1.0,1.0,0.0,0.4725,,,,,,,0.4725,,,,,,,,
R0014,WAYPOINT1,text,moderate,cat,q4,metacognitive,"I wrote that because the boy's friends told him he couldn't play basketball if he touched the dirty cat, but he bent down and pet it anyways.",27,0.8,0.6,0.8,0.25,0.0,0.0,0.0,1.0,0.6675,,,,,,,0.6675,,,,,,,,
R0014,WAYPOINT1,text,moderate,lying,q1,inference,Sarah doesn't tell the teacher because Rachel whispered to her to be quiet and said 'Don't tell on me. I'm your best friend.',23,0.8,0.4,0.8,0.5,,,,,0.655,,,,,,,0.655,0.0,1.0,0.0,1.0,,,,
R0014,WAYPOINT1,text,moderate,lying,q2,metacognitive,I thought of this because it says right in the text that Rachel told her not to tell right before the teacher asked if something was going on.,28,0.4,0.4,0.2667,0.5,,,,,0.3683,,,,,,,0.3683,1.0,1.0,0.0,0.0,,,,
R0014,WAYPOINT1,text,moderate,lying,q3,inference,"A lesson you could learn is that if you don't study for a test at all, you might end up copying another student's answer sheet.",25,0.6,0.4,0.4,1.0,,,,,0.54,,,,,,,0.54,1.0,1.0,1.0,1.0,,,,
R0014,WAYPOINT1,text,moderate,lying,q4,metacognitive,"I said that because Rachel admitted at the beginning that she didn't study, and then later Sarah saw her looking over the shoulder of the kid in front of her to copy.",32,0.6,0.8,0.8,1.0,,,,,0.78,,,,,,,0.78,1.0,1.0,1.0,1.0,,,,
R0014,WAYPOINT1,text,moderate,stealing,q1,inference,"He kept the wallet because it had $300 inside, and he wanted to use the money to buy the beautiful red bike.",22,0.4,0.75,0.75,1.0,,,,,0.7,,,,,,,0.7,,,,,1.0,1.0,1.0,1.0
R0014,WAYPOINT1,text,moderate,stealing,q2,metacognitive,"In the story, Billy looked inside the wallet and said 'With that money, I could buy that red bike!'.",19,0.6,0.5,0.4,0.75,,,,,0.5275,,,,,,,0.5275,,,,,1.0,1.0,1.0,0.0
R0014,WAYPOINT1,text,moderate,stealing,q3,inference,A lesson is that you shouldn't grab a lady's wallet and lie to her when she comes back looking for it.,21,0.4,0.5,0.5,0.75,,,,,0.5125,,,,,,,0.5125,,,,,1.0,1.0,1.0,0.0
R0014,WAYPOINT1,text,moderate,stealing,q4,metacognitive,"I thought of that because the text says the lady came back asking if he saw her wallet, and Billy lied and said he didn't know where it was.",29,0.6,0.75,0.75,0.5,,,,,0.675,,,,,,,0.675,,,,,1.0,1.0,0.0,0.0
R0015,WAYPOINT1,text,little,cat,q1,inference,He kept the cat because he saw how sad it was in the rain and he wanted to be its real friend.,22,0.6,0.8,0.8,0.75,0.0,1.0,1.0,1.0,0.7425,,,,,,,0.7425,,,,,,,,
R0015,WAYPOINT1,text,little,cat,q2,metacognitive,I think this because the story says he saw the cat was sad and then he said 'hey there real friend'.,21,0.4,0.8,0.8,0.5,0.0,1.0,0.0,1.0,0.655,,,,,,,0.655,,,,,,,,
R0015,WAYPOINT1,text,little,cat,q3,inference,"Um, maybe the lesson is to pet the cat anyways even if the other boys say you can't play basketball with them.",22,0.6,0.0,0.4,0.75,1.0,0.0,1.0,1.0,0.4025,,,,,,,0.4025,,,,,,,,
R0015,WAYPOINT1,text,little,cat,q4,metacognitive,Because that is what Bruno did at the end. He pet the cat and took him home after the boy said he couldn't play with them.,26,0.8,0.6,0.8,0.5,0.0,0.0,1.0,1.0,0.705,,,,,,,0.705,,,,,,,,
R0015,WAYPOINT1,text,little,lying,q1,inference,Because Rachel told her to be quiet and said she is her best friend.,14,0.4,0.4,0.4,0.75,,,,,0.4525,,,,,,,0.4525,0.0,1.0,1.0,1.0,,,,
R0015,WAYPOINT1,text,little,lying,q2,metacognitive,I just read it in the story. Rachel whispered 'Don't tell on me' right before the teacher asked Sarah.,19,1.0,0.6,0.3333,0.5,,,,,0.5917,,,,,,,0.5917,0.0,1.0,1.0,0.0,,,,
R0015,WAYPOINT1,text,little,lying,q3,inference,You shouldn't cheat on a math test or tell your best friend to hide it.,15,0.8,0.6,0.5333,0.75,,,,,0.6492,,,,,,,0.6492,1.0,1.0,0.0,1.0,,,,
R0015,WAYPOINT1,text,little,lying,q4,metacognitive,"Because the teacher said no cheating in the story, but Rachel just copied the kid in front of her anyway.",20,0.2,0.4,0.1333,0.5,,,,,0.2717,,,,,,,0.2717,1.0,0.0,0.0,1.0,,,,
R0015,WAYPOINT1,text,little,stealing,q1,inference,um he kept it because it had $300 in it to buy the red bike.,15,0.4,0.5,0.5,0.25,,,,,0.4375,,,,,,,0.4375,,,,,0.0,1.0,0.0,0.0
R0015,WAYPOINT1,text,little,stealing,q2,metacognitive,"in the story he opens the wallet and says 'With that money, I could buy that red bike!'.",18,0.4,0.75,0.5,0.5,,,,,0.5375,,,,,,,0.5375,,,,,1.0,1.0,0.0,0.0
R0015,WAYPOINT1,text,little,stealing,q3,inference,maybe the lesson is don't say you don't know where a wallet is when someone asks for it.,18,0.2,0.75,0.75,0.5,,,,,0.575,,,,,,,0.575,,,,,1.0,1.0,0.0,0.0
R0015,WAYPOINT1,text,little,stealing,q4,metacognitive,"because the lady came back and asked him if he saw her wallet and he said 'No, I don't know where it is'.",23,0.4,0.5,0.5,0.5,,,,,0.475,,,,,,,0.475,,,,,1.0,1.0,0.0,0.0
R0016,WAYPOINT1,comic,lot,cat,q1,inference,"The red-headed boy kept the cat because he noticed how sad and wet it was sitting in the rain, so he decided to make it his real friend and give it a home.",33,1.0,0.8,1.0,0.75,0.0,1.0,1.0,1.0,0.9125,,,,,,,0.9125,,,,,,,,
R0016,WAYPOINT1,comic,lot,cat,q2,metacognitive,"I based my answer entirely on the text and illustrations. The story explicitly states that the boy saw how sad the cat was, and the final dialogue bubble shows him telling the cat he is taking it to his home.",40,0.4,0.4,0.4,0.75,0.0,1.0,1.0,1.0,0.4525,,,,,,,0.4525,,,,,,,,
R0016,WAYPOINT1,comic,lot,cat,q3,inference,"A lesson someone could learn is that you can choose to pet a sad cat and take it home, regardless of whether the other kids say they won't let you play basketball with them anymore.",35,0.6,0.4,0.6,0.75,1.0,1.0,1.0,0.0,0.5725,,,,,,,0.5725,,,,,,,,
R0016,WAYPOINT1,comic,lot,cat,q4,metacognitive,"This comes directly from the ending of the comic. The text explicitly shows the other kid stating he won't let him play basketball if he touches the cat, but the boy disregards this, pets the cat anyway, and calls it a real friend.",43,0.6,0.6,0.6,0.5,0.0,1.0,0.0,1.0,0.585,,,,,,,0.585,,,,,,,,
R0016,WAYPOINT1,comic,lot,lying,q1,inference,"Sarah does not tell the teacher because Rachel explicitly asks her not to, reminding Sarah that they have been best friends.",21,0.6,0.4,0.4,0.75,,,,,0.5025,,,,,,,0.5025,0.0,1.0,1.0,1.0,,,,
R0016,WAYPOINT1,comic,lot,lying,q2,metacognitive,"I based this entirely on the specific panel where Rachel whispers to Sarah, 'Don't tell on me. I'm your best friend,' which directly precedes Sarah's decision to stay quiet.",29,0.8,0.8,0.8,0.75,,,,,0.7925,,,,,,,0.7925,0.0,1.0,1.0,1.0,,,,
R0016,WAYPOINT1,comic,lot,lying,q3,inference,A lesson you could learn from this story is that best friends cover for each other when they copy someone else's test.,22,0.8,0.6,0.5333,1.0,,,,,0.6867,,,,,,,0.6867,1.0,1.0,1.0,1.0,,,,
R0016,WAYPOINT1,comic,lot,lying,q4,metacognitive,"I formulated this answer because Rachel reminds Sarah that they are best friends, and immediately after that, Sarah tells Ms. Craig that nothing is going on to protect her.",29,0.8,0.6,0.8,0.75,,,,,0.7425,,,,,,,0.7425,1.0,1.0,0.0,1.0,,,,
R0016,WAYPOINT1,comic,lot,stealing,q1,inference,"Billy kept the lady's wallet because it had exactly $300 in it, which was the amount he needed to purchase the red bike he saw at the beach.",28,0.8,0.5,0.8,0.75,,,,,0.7175,,,,,,,0.7175,,,,,1.0,1.0,0.0,1.0
R0016,WAYPOINT1,comic,lot,stealing,q2,metacognitive,"I know this because the comic shows him opening the wallet, seeing the money, and stating that with those funds he could finally buy that specific bike.",27,0.4,0.75,0.5,0.5,,,,,0.5375,,,,,,,0.5375,,,,,1.0,1.0,0.0,0.0
R0016,WAYPOINT1,comic,lot,stealing,q3,inference,A lesson you could learn is that you shouldn't lie to a lady about finding her missing wallet just because your parents won't buy you a bicycle.,27,0.2,0.75,0.75,0.5,,,,,0.575,,,,,,,0.575,,,,,1.0,1.0,0.0,0.0
R0016,WAYPOINT1,comic,lot,stealing,q4,metacognitive,"I based this on the final panels of the story, which show the lady returning to the table to ask for her wallet, and Billy explicitly lying to her by claiming he doesn't know where it is.",37,0.8,0.75,0.8,0.75,,,,,0.78,,,,,,,0.78,,,,,1.0,1.0,1.0,0.0
R0017,WAYPOINT2,comic,lot,cat,q1,inference,"The boy probably felt a strong sense of sympathy for the stray animal. When people see a pet suffering out in the cold, it is a natural human instinct to want to rescue them and provide a safe, loving home.",40,0.6,0.6,0.6,1.0,1.0,1.0,1.0,1.0,0.66,,,,,,,0.66,,,,,,,,
R0017,WAYPOINT2,comic,lot,cat,q2,metacognitive,"I based this on how people generally behave in the real world. Whenever individuals encounter a helpless animal struggling on the streets, they often feel compelled to adopt it because rescuing a pet brings a lot of comfort to both the owner and the animal.",45,0.8,0.8,0.8,1.0,1.0,1.0,1.0,1.0,0.83,,,,,,,0.83,,,,,,,,
R0017,WAYPOINT2,comic,lot,cat,q3,inference,"A valuable lesson here is that you should always stand up for those who are defenseless and do the right thing, regardless of peer pressure. Showing genuine compassion is ultimately much more important than trying to maintain your popularity.",39,0.4,1.0,1.0,1.0,1.0,1.0,1.0,1.0,0.85,,,,,,,0.85,,,,,,,,
R0017,WAYPOINT2,comic,lot,cat,q4,metacognitive,"In life, peer pressure can be incredibly difficult to navigate, but standing up to bullies always builds strong character. Society teaches us that true friends will not abandon or mock you just because you choose to show kindness to a vulnerable creature.",42,0.6,1.0,1.0,1.0,1.0,1.0,1.0,1.0,0.9,,,,,,,0.9,,,,,,,,
R0017,WAYPOINT2,comic,lot,lying,q1,inference,Sarah refrains from telling the teacher because she wants to avoid being labeled as a snitch. Preserving a friendship usually feels much more important than reporting a rule violation.,29,0.2,1.0,0.6667,1.0,,,,,0.6833,,,,,,,0.6833,1.0,1.0,1.0,1.0,,,,
R0017,WAYPOINT2,comic,lot,lying,q2,metacognitive,"Generally speaking, students face intense social pressure to remain loyal to their peers. Turning someone in often leads to severe social consequences and a ruined friendship.",26,0.4,0.8,0.8,1.0,,,,,0.73,,,,,,,0.73,1.0,1.0,1.0,1.0,,,,
R0017,WAYPOINT2,comic,lot,lying,q3,inference,The main takeaway is that covering for a peer's unethical choices can put you in a highly compromising position.,19,0.6,0.8,0.8,1.0,,,,,0.78,,,,,,,0.78,1.0,1.0,1.0,1.0,,,,
R0017,WAYPOINT2,comic,lot,lying,q4,metacognitive,"I thought of this because in real life, when you lie to protect someone who did something wrong, you end up carrying the stress and guilt of their actions.",29,0.4,0.8,0.8,1.0,,,,,0.73,,,,,,,0.73,1.0,1.0,1.0,1.0,,,,
R0017,WAYPOINT2,comic,lot,stealing,q1,inference,"Billy kept the wallet because he was overcome by greed and saw a sudden, easy opportunity to acquire enough cash to buy something he desperately desired but couldn't otherwise afford.",30,0.8,0.75,0.8,0.75,,,,,0.78,,,,,,,0.78,,,,,1.0,1.0,0.0,1.0
R0017,WAYPOINT2,comic,lot,stealing,q2,metacognitive,"I thought of this because human nature shows that when individuals are denied something they really want, a sudden chance to get it for free can severely tempt them into making dishonest choices.",33,0.2,0.75,0.75,1.0,,,,,0.65,,,,,,,0.65,,,,,1.0,1.0,1.0,1.0
R0017,WAYPOINT2,comic,lot,stealing,q3,inference,"A significant lesson here is that you should never let your materialistic desires drive you to steal, because taking advantage of someone else's misfortune is highly unethical.",27,0.0,1.0,1.0,0.5,,,,,0.675,,,,,,,0.675,,,,,1.0,1.0,0.0,0.0
R0017,WAYPOINT2,comic,lot,stealing,q4,metacognitive,"This comes from the universal understanding that honesty is always the best policy. In the real world, stealing to satisfy your own wants causes unnecessary harm to innocent people and compromises your integrity.",33,0.2,0.75,0.75,0.75,,,,,0.6125,,,,,,,0.6125,,,,,1.0,1.0,0.0,1.0
R0018,WAYPOINT2,comic,moderate,cat,q1,inference,He decided to keep the cat because he wanted a loyal friend to hang out with.,16,0.2,0.4,0.2667,0.75,1.0,0.0,1.0,1.0,0.3558,,,,,,,0.3558,,,,,,,,
R0018,WAYPOINT2,comic,moderate,cat,q2,metacognitive,"Usually when people adopt a stray animal, it's because they want a pet to love and be their companion.",19,0.8,0.6,0.8,0.75,0.0,1.0,1.0,1.0,0.7425,,,,,,,0.7425,,,,,,,,
R0018,WAYPOINT2,comic,moderate,cat,q3,inference,The lesson is that you shouldn't care about being popular if it means you have to be mean.,18,0.4,0.8,0.8,0.75,0.0,1.0,1.0,1.0,0.6925,,,,,,,0.6925,,,,,,,,
R0018,WAYPOINT2,comic,moderate,cat,q4,metacognitive,"I know from real life that true friends don't force you to be a bully, so it's better to just do the right thing even if others make fun of you.",31,0.4,1.0,1.0,0.75,1.0,1.0,0.0,1.0,0.8125,,,,,,,0.8125,,,,,,,,
R0018,WAYPOINT2,comic,moderate,lying,q1,inference,She didn't want to get her friend in trouble. People usually don't snitch on their friends because they want to stay friends.,22,0.4,0.4,0.2667,0.75,,,,,0.4058,,,,,,,0.4058,0.0,1.0,1.0,1.0,,,,
R0018,WAYPOINT2,comic,moderate,lying,q2,metacognitive,"Because in real life, if you tattle on someone you like, they will get really mad at you and probably stop hanging out with you.",25,0.4,0.8,0.5333,1.0,,,,,0.6367,,,,,,,0.6367,1.0,1.0,1.0,1.0,,,,
R0018,WAYPOINT2,comic,moderate,lying,q3,inference,You shouldn't cheat because it is wrong and it puts your friends in a really bad position.,17,0.6,0.6,0.4,1.0,,,,,0.59,,,,,,,0.59,1.0,1.0,1.0,1.0,,,,
R0018,WAYPOINT2,comic,moderate,lying,q4,metacognitive,"I thought of this because normally when someone cheats, they just end up dragging other people into their mess and it causes unnecessary drama.",24,0.6,0.4,0.4,0.75,,,,,0.5025,,,,,,,0.5025,1.0,1.0,0.0,1.0,,,,
R0018,WAYPOINT2,comic,moderate,stealing,q1,inference,He kept it because he wanted to buy something expensive and didn't have his own money.,16,0.2,0.75,0.75,0.25,,,,,0.5375,,,,,,,0.5375,,,,,0.0,0.0,0.0,1.0
R0018,WAYPOINT2,comic,moderate,stealing,q2,metacognitive,"Normally when people keep a wallet they found, it's because they are being greedy and just want free cash to get stuff they want.",24,0.4,0.5,0.5,0.75,,,,,0.5125,,,,,,,0.5125,,,,,1.0,1.0,0.0,1.0
R0018,WAYPOINT2,comic,moderate,stealing,q3,inference,The lesson is that you shouldn't steal or lie to people.,11,0.0,0.5,0.5,0.25,,,,,0.3375,,,,,,,0.3375,,,,,0.0,1.0,0.0,0.0
R0018,WAYPOINT2,comic,moderate,stealing,q4,metacognitive,"I thought of this because taking someone else's money is a bad thing to do in real life, and you should always return lost items instead of lying to the person's face.",32,0.2,1.0,1.0,0.75,,,,,0.7625,,,,,,,0.7625,,,,,1.0,1.0,1.0,0.0
R0019,WAYPOINT2,text,moderate,cat,q1,inference,He kept the cat because having a pet makes you feel less lonely. Animals are really good at being loyal friends.,21,0.6,1.0,0.6667,1.0,1.0,1.0,1.0,1.0,0.7833,,,,,,,0.7833,,,,,,,,
R0019,WAYPOINT2,text,moderate,cat,q2,metacognitive,"Because usually when people are sad, getting a dog or a cat can cheer them up and they become your best friend.",22,0.4,0.6,0.6,0.5,1.0,0.0,0.0,1.0,0.535,,,,,,,0.535,,,,,,,,
R0019,WAYPOINT2,text,moderate,cat,q3,inference,The lesson is to always be kind to animals and not listen to bullies.,14,0.2,0.6,0.6,0.5,0.0,1.0,0.0,1.0,0.485,,,,,,,0.485,,,,,,,,
R0019,WAYPOINT2,text,moderate,cat,q4,metacognitive,"I thought of this because in the real world, bullying is wrong and you should always do the right thing by helping out stray pets who need a home.",29,0.8,0.8,0.8,0.5,0.0,1.0,0.0,1.0,0.755,,,,,,,0.755,,,,,,,,
R0019,WAYPOINT2,text,moderate,lying,q1,inference,"She doesn't want to be a snitch. If you tell on someone close to you, it usually ruins the relationship.",20,0.4,0.8,0.5333,1.0,,,,,0.6367,,,,,,,0.6367,1.0,1.0,1.0,1.0,,,,
R0019,WAYPOINT2,text,moderate,lying,q2,metacognitive,"Because loyalty is really important to kids, and nobody wants to lose a good friend just for following the rules.",20,0.4,0.8,0.8,1.0,,,,,0.73,,,,,,,0.73,1.0,1.0,1.0,1.0,,,,
R0019,WAYPOINT2,text,moderate,lying,q3,inference,A good lesson is that lying to protect your friends can put you in a tough spot.,17,0.4,1.0,1.0,1.0,,,,,0.85,,,,,,,0.85,1.0,1.0,1.0,1.0,,,,
R0019,WAYPOINT2,text,moderate,lying,q4,metacognitive,"I thought of this because when people cover for someone's bad choices, they usually end up feeling guilty or getting dragged into the mess.",24,0.4,1.0,0.6667,1.0,,,,,0.7333,,,,,,,0.7333,1.0,1.0,1.0,1.0,,,,
R0019,WAYPOINT2,text,moderate,stealing,q1,inference,He kept it because he wanted the cash inside to buy something expensive for himself.,15,0.2,0.75,0.75,0.75,,,,,0.6125,,,,,,,0.6125,,,,,0.0,1.0,1.0,1.0
R0019,WAYPOINT2,text,moderate,stealing,q2,metacognitive,"Usually when someone takes a wallet they found, it's because they are being greedy and want to spend the money instead of returning it.",24,0.4,0.5,0.5,1.0,,,,,0.55,,,,,,,0.55,,,,,1.0,1.0,1.0,1.0
R0019,WAYPOINT2,text,moderate,stealing,q3,inference,You shouldn't steal from other people or lie about it.,10,0.0,0.5,0.1667,0.25,,,,,0.2208,,,,,,,0.2208,,,,,0.0,1.0,0.0,0.0
R0019,WAYPOINT2,text,moderate,stealing,q4,metacognitive,Because stealing is bad and it's just wrong to take other people's money to buy stuff you want.,18,0.2,0.75,0.75,1.0,,,,,0.65,,,,,,,0.65,,,,,1.0,1.0,1.0,1.0
R0020,WAYPOINT2,text,none,cat,q1,inference,animals are better friends than mean kids.,7,0.2,0.2,0.0667,0.25,0.0,0.0,0.0,1.0,0.1608,,,,,,,0.1608,,,,,,,,
R0020,WAYPOINT2,text,none,cat,q2,metacognitive,cause kids make fun of you. pets dont care how you look.,12,0.6,0.6,0.4,0.5,0.0,1.0,0.0,1.0,0.515,,,,,,,0.515,,,,,,,,
R0020,WAYPOINT2,text,none,cat,q3,inference,dont let bullies tell you what to do.,8,0.0,0.8,0.5333,0.5,0.0,1.0,1.0,0.0,0.4617,,,,,,,0.4617,,,,,,,,
R0020,WAYPOINT2,text,none,cat,q4,metacognitive,cause its your life. bullies are just mean anyway.,9,0.0,0.6,0.4,0.25,0.0,0.0,0.0,1.0,0.3275,,,,,,,0.3275,,,,,,,,
R0020,WAYPOINT2,text,none,lying,q1,inference,friends dont snitch on friends.,5,0.2,0.4,0.0,0.75,,,,,0.2625,,,,,,,0.2625,1.0,1.0,0.0,1.0,,,,
R0020,WAYPOINT2,text,none,lying,q2,metacognitive,u lose ur friends if u tell on them. thats just how it works.,14,0.4,0.4,0.1333,0.75,,,,,0.3592,,,,,,,0.3592,1.0,1.0,0.0,1.0,,,,
R0020,WAYPOINT2,text,none,lying,q3,inference,cheating is bad.,3,0.4,0.4,0.1333,0.0,,,,,0.2467,,,,,,,0.2467,0.0,0.0,0.0,0.0,,,,
R0020,WAYPOINT2,text,none,lying,q4,metacognitive,u get in trouble at school if u do that.,10,0.6,0.6,0.4,1.0,,,,,0.59,,,,,,,0.59,1.0,1.0,1.0,1.0,,,,
R0020,WAYPOINT2,text,none,stealing,q1,inference,He wanted the money to buy stuff.,7,0.0,0.5,0.3333,0.5,,,,,0.3167,,,,,,,0.3167,,,,,0.0,1.0,0.0,1.0
R0020,WAYPOINT2,text,none,stealing,q2,metacognitive,Wallets have lots of money inside. People take them to buy things they want.,14,0.4,0.75,0.75,1.0,,,,,0.7,,,,,,,0.7,,,,,1.0,1.0,1.0,1.0
R0020,WAYPOINT2,text,none,stealing,q3,inference,Don't steal from people.,4,0.0,0.0,0.0,0.25,,,,,0.0375,,,,,,,0.0375,,,,,0.0,1.0,0.0,0.0
R0020,WAYPOINT2,text,none,stealing,q4,metacognitive,Cause taking stuff that isn't yours is wrong.,8,0.0,0.25,0.1667,0.0,,,,,0.1208,,,,,,,0.1208,,,,,0.0,0.0,0.0,0.0
R0021,WAYPOINT2,comic,little,cat,q1,inference,I guess because it's good to rescue animals that don't have anywhere to go.,14,0.2,0.4,0.4,0.25,0.0,0.0,0.0,1.0,0.3275,,,,,,,0.3275,,,,,,,,
R0021,WAYPOINT2,comic,little,cat,q2,metacognitive,"Because stray cats really need a family to feed them and love them, and it's just the right thing to do.",21,0.6,0.8,0.8,0.75,0.0,1.0,1.0,1.0,0.7425,,,,,,,0.7425,,,,,,,,
R0021,WAYPOINT2,comic,little,cat,q3,inference,Don't let bullies stop you from being kind to others.,10,0.2,0.8,0.2667,0.5,0.0,0.0,1.0,1.0,0.4183,,,,,,,0.4183,,,,,,,,
R0021,WAYPOINT2,comic,little,cat,q4,metacognitive,"In real life, if kids are making fun of you for doing something nice, you should just ignore them anyway.",20,0.2,0.6,0.6,0.25,0.0,0.0,0.0,1.0,0.4475,,,,,,,0.4475,,,,,,,,
R0021,WAYPOINT2,comic,little,lying,q1,inference,She probably doesn't want to get her friend in trouble.,10,0.4,0.4,0.1333,0.75,,,,,0.3592,,,,,,,0.3592,0.0,1.0,1.0,1.0,,,,
R0021,WAYPOINT2,comic,little,lying,q2,metacognitive,"Well, usually you don't snitch on your friends or they get mad at you.",14,0.6,0.6,0.2,1.0,,,,,0.52,,,,,,,0.52,1.0,1.0,1.0,1.0,,,,
R0021,WAYPOINT2,comic,little,lying,q3,inference,You shouldn't cheat at school.,5,0.2,0.4,0.1333,0.0,,,,,0.1967,,,,,,,0.1967,0.0,0.0,0.0,0.0,,,,
R0021,WAYPOINT2,comic,little,lying,q4,metacognitive,Because you can get in really big trouble if you cheat.,11,0.6,0.8,0.2667,1.0,,,,,0.5933,,,,,,,0.5933,1.0,1.0,1.0,1.0,,,,
R0021,WAYPOINT2,comic,little,stealing,q1,inference,He kept it because he was being greedy and wanted to buy something he couldn't afford.,16,0.2,0.75,0.75,0.25,,,,,0.5375,,,,,,,0.5375,,,,,0.0,0.0,0.0,1.0
R0021,WAYPOINT2,comic,little,stealing,q2,metacognitive,"I just think that's why people steal things. If you want something really bad, sometimes you do a bad thing to get the money.",24,0.2,0.75,0.75,0.75,,,,,0.6125,,,,,,,0.6125,,,,,1.0,1.0,0.0,1.0
R0021,WAYPOINT2,comic,little,stealing,q3,inference,Maybe the lesson is that stealing is wrong and you shouldn't take things.,13,0.2,1.0,1.0,0.75,,,,,0.7625,,,,,,,0.7625,,,,,1.0,1.0,1.0,0.0
R0021,WAYPOINT2,comic,little,stealing,q4,metacognitive,"Because in real life, if you take someone's money it's a crime and you can get in big trouble.",19,0.2,0.75,0.75,0.5,,,,,0.575,,,,,,,0.575,,,,,1.0,1.0,0.0,0.0
R0022,WAYPOINT2,comic,none,cat,q1,inference,cause pets make you happy.,5,0.6,0.4,0.4,0.5,0.0,1.0,0.0,1.0,0.465,,,,,,,0.465,,,,,,,,
R0022,WAYPOINT2,comic,none,cat,q2,metacognitive,dogs and cats are good friends.,6,0.2,0.8,0.8,0.25,0.0,0.0,1.0,0.0,0.5675,,,,,,,0.5675,,,,,,,,
R0022,WAYPOINT2,comic,none,cat,q3,inference,be nice to animals.,4,0.2,0.2,0.0667,0.75,0.0,1.0,1.0,1.0,0.2358,,,,,,,0.2358,,,,,,,,
R0022,WAYPOINT2,comic,none,cat,q4,metacognitive,cause it is bad to be mean to them.,9,0.2,0.4,0.2667,0.75,0.0,1.0,1.0,1.0,0.3558,,,,,,,0.3558,,,,,,,,
R0022,WAYPOINT2,comic,none,lying,q1,inference,cause friends dont snitch. she doesnt want her to get in trouble.,12,0.6,0.8,0.5333,1.0,,,,,0.6867,,,,,,,0.6867,1.0,1.0,1.0,1.0,,,,
R0022,WAYPOINT2,comic,none,lying,q2,metacognitive,"i dunno, thats just what happens in real life.",9,0.2,0.2,0.0667,0.5,,,,,0.1983,,,,,,,0.1983,0.0,1.0,1.0,0.0,,,,
R0022,WAYPOINT2,comic,none,lying,q3,inference,you should study for tests.,5,0.2,0.2,0.0,0.25,,,,,0.1375,,,,,,,0.1375,0.0,0.0,1.0,0.0,,,,
R0022,WAYPOINT2,comic,none,lying,q4,metacognitive,cause if you cheat teachers get mad. i just know that.,11,0.6,0.8,0.5333,1.0,,,,,0.6867,,,,,,,0.6867,1.0,1.0,1.0,1.0,,,,
R0022,WAYPOINT2,comic,none,stealing,q1,inference,he wanted the money to buy stuff.,7,0.0,0.5,0.3333,0.5,,,,,0.3167,,,,,,,0.3167,,,,,0.0,1.0,0.0,1.0
R0022,WAYPOINT2,comic,none,stealing,q2,metacognitive,people always want cash to buy things.,7,0.0,0.5,0.3333,0.25,,,,,0.2792,,,,,,,0.2792,,,,,0.0,0.0,0.0,1.0
R0022,WAYPOINT2,comic,none,stealing,q3,inference,dont steal.,2,0.0,0.25,0.1667,0.25,,,,,0.1583,,,,,,,0.1583,,,,,0.0,1.0,0.0,0.0
R0022,WAYPOINT2,comic,none,stealing,q4,metacognitive,cause stealing is bad and u get in trouble.,9,0.0,0.75,0.5,0.5,,,,,0.4375,,,,,,,0.4375,,,,,1.0,1.0,0.0,0.0
R0023,WAYPOINT2,text,lot,cat,q1,inference,He kept the animal because people often realize that a loyal pet provides much better company than toxic friends who constantly judge you.,23,0.6,0.6,0.6,0.75,1.0,1.0,0.0,1.0,0.6225,,,,,,,0.6225,,,,,,,,
R0023,WAYPOINT2,text,lot,cat,q2,metacognitive,"I thought of this because animals are known to offer unconditional love, whereas teenagers can be incredibly cruel and will drop you the moment you don't fit their standard of being cool.",32,0.6,0.6,0.6,0.75,0.0,1.0,1.0,1.0,0.6225,,,,,,,0.6225,,,,,,,,
R0023,WAYPOINT2,text,lot,cat,q3,inference,The main lesson is that you should always stand up for those who are vulnerable instead of caving in to peer pressure.,22,0.2,0.8,0.8,0.75,1.0,0.0,1.0,1.0,0.6425,,,,,,,0.6425,,,,,,,,
R0023,WAYPOINT2,text,lot,cat,q4,metacognitive,"I know from real life that it takes a tremendous amount of courage to do the right thing when a crowd is mocking you, but genuine loyalty is always worth more than popularity.",33,0.2,1.0,1.0,1.0,1.0,1.0,1.0,1.0,0.8,,,,,,,0.8,,,,,,,,
R0023,WAYPOINT2,text,lot,lying,q1,inference,"Sarah stays quiet because individuals typically feel a strong sense of loyalty to their close friends. It is a common unwritten rule that you don't snitch on someone you care about, even if they are doing something wrong.",38,0.4,0.8,0.8,1.0,,,,,0.73,,,,,,,0.73,1.0,1.0,1.0,1.0,,,,
R0023,WAYPOINT2,text,lot,lying,q2,metacognitive,"I based this on how relationships work in the real world. When someone is close to you, your natural instinct is to protect them from facing severe consequences or disciplinary action from an authority figure.",35,0.4,0.8,0.8,1.0,,,,,0.73,,,,,,,0.73,1.0,1.0,1.0,1.0,,,,
R0023,WAYPOINT2,text,lot,lying,q3,inference,One valuable lesson is that blind loyalty can sometimes force you to compromise your own morals or integrity.,18,0.2,0.6,0.6,0.5,,,,,0.485,,,,,,,0.485,1.0,0.0,1.0,0.0,,,,
R0023,WAYPOINT2,text,lot,lying,q4,metacognitive,I thought of this because it is a frequent dilemma in life. People often find themselves caught between doing the ethically correct thing and covering up for the bad decisions made by their peers.,34,1.0,1.0,0.6667,1.0,,,,,0.8833,,,,,,,0.8833,1.0,1.0,1.0,1.0,,,,
R0023,WAYPOINT2,text,lot,stealing,q1,inference,"He kept it because when individuals strongly desire something they cannot afford, discovering unguarded cash presents a huge temptation that often leads to theft.",24,0.4,0.75,0.75,0.75,,,,,0.6625,,,,,,,0.6625,,,,,1.0,0.0,1.0,1.0
R0023,WAYPOINT2,text,lot,stealing,q2,metacognitive,"I based this on the reality that human nature can be greedy, and people will frequently compromise their honesty for a quick financial gain if the perfect opportunity just falls into their lap.",33,0.0,0.5,0.3333,1.0,,,,,0.3917,,,,,,,0.3917,,,,,1.0,1.0,1.0,1.0
R0023,WAYPOINT2,text,lot,stealing,q3,inference,The primary lesson is that allowing material desires to control your actions can lead to making highly unethical choices.,19,0.2,0.75,0.75,1.0,,,,,0.65,,,,,,,0.65,,,,,1.0,1.0,1.0,1.0
R0023,WAYPOINT2,text,lot,stealing,q4,metacognitive,"I thought of this because society frequently demonstrates that when individuals become obsessed with acquiring expensive things, they might end up deceiving innocent people to get what they want.",29,0.2,0.5,0.5,1.0,,,,,0.5,,,,,,,0.5,,,,,1.0,1.0,1.0,1.0
R0024,WAYPOINT2,text,little,cat,q1,inference,Because he just wanted a pet to be his friend.,10,0.4,0.8,0.5333,0.75,0.0,1.0,1.0,1.0,0.5992,,,,,,,0.5992,,,,,,,,
R0024,WAYPOINT2,text,little,cat,q2,metacognitive,"Um, cause when kids are lonely they usually get a dog or cat to play with.",16,0.2,0.6,0.4,1.0,1.0,1.0,1.0,1.0,0.49,,,,,,,0.49,,,,,,,,
R0024,WAYPOINT2,text,little,cat,q3,inference,You should be nice to animals and not be mean.,10,0.0,0.2,0.1333,0.5,0.0,0.0,1.0,1.0,0.1717,,,,,,,0.1717,,,,,,,,
R0024,WAYPOINT2,text,little,cat,q4,metacognitive,I guess cause animals outside get cold and need a family to take care of them.,16,0.4,0.8,0.8,1.0,1.0,1.0,1.0,1.0,0.73,,,,,,,0.73,,,,,,,,
R0024,WAYPOINT2,text,little,lying,q1,inference,Probably because you aren't supposed to snitch on your friends. If you tell on them they will get really mad at you.,22,0.2,0.8,0.2667,1.0,,,,,0.4933,,,,,,,0.4933,1.0,1.0,1.0,1.0,,,,
R0024,WAYPOINT2,text,little,lying,q2,metacognitive,I just know that friends usually stick together. You don't want to get your friend in trouble.,17,0.6,0.6,0.4,1.0,,,,,0.59,,,,,,,0.59,1.0,1.0,1.0,1.0,,,,
R0024,WAYPOINT2,text,little,lying,q3,inference,"Maybe that lying for your friend is bad, and cheating is wrong.",12,0.4,0.8,0.5333,1.0,,,,,0.6367,,,,,,,0.6367,1.0,1.0,1.0,1.0,,,,
R0024,WAYPOINT2,text,little,lying,q4,metacognitive,Because teachers always say cheating is bad and you can get in a lot of trouble at school if you lie.,21,0.6,1.0,0.6667,1.0,,,,,0.7833,,,,,,,0.7833,1.0,1.0,1.0,1.0,,,,
R0024,WAYPOINT2,text,little,stealing,q1,inference,"Um, probably because he wanted money to buy cool stuff.",10,0.0,0.75,0.75,0.5,,,,,0.525,,,,,,,0.525,,,,,0.0,1.0,0.0,1.0
R0024,WAYPOINT2,text,little,stealing,q2,metacognitive,"When kids really want something expensive, they sometimes do bad things to get the money.",15,0.2,0.75,0.75,0.75,,,,,0.6125,,,,,,,0.6125,,,,,1.0,1.0,0.0,1.0
R0024,WAYPOINT2,text,little,stealing,q3,inference,I guess you shouldn't steal from people or lie about it.,11,0.0,0.5,0.1667,0.25,,,,,0.2208,,,,,,,0.2208,,,,,0.0,1.0,0.0,0.0
R0024,WAYPOINT2,text,little,stealing,q4,metacognitive,"Because taking things that don't belong to you is just bad, and it makes people sad.",16,0.0,0.75,0.75,0.5,,,,,0.525,,,,,,,0.525,,,,,1.0,1.0,0.0,0.0
R0025,WAYPOINT3,comic,lot,cat,q1,inference,"The red-headed boy kept the cat because he realized the cat was a true, loyal friend who comforted him when he was sad, unlike the other kids who were just bullies. He decided that having a caring companion was much more important than fitting in with mean people.",48,0.6,1.0,1.0,1.0,1.0,1.0,1.0,1.0,0.9,,,,,,,0.9,,,,,,,,
R0025,WAYPOINT3,comic,lot,cat,q2,metacognitive,"In the story, the cat sat with him and purred when he was crying on the bench, but the other kids just mocked them. I know from experience that true friends are the ones who support you when you're down. The boy finally recognized that the kids' friendship was toxic and chose the cat's genuine affection instead.",57,0.8,0.8,0.8,0.75,1.0,1.0,0.0,1.0,0.7925,,,,,,,0.7925,,,,,,,,
R0025,WAYPOINT3,comic,lot,cat,q3,inference,A valuable lesson from this story is to stand up to peer pressure and choose true friends over popularity. It is better to be kind to those who actually care about you than to follow a mean crowd just to be accepted.,42,0.4,1.0,1.0,1.0,1.0,1.0,1.0,1.0,0.85,,,,,,,0.85,,,,,,,,
R0025,WAYPOINT3,comic,lot,cat,q4,metacognitive,"I thought of this because the boy initially gave in to the mean kids and yelled at the cat so they wouldn't laugh at him. But eventually, he realized the cat actually comforted him. Giving in to peer pressure usually leaves you unhappy in the real world, but standing up for what is right, like he did by rescuing the cat, brings genuine happiness.",64,0.4,1.0,1.0,1.0,1.0,1.0,1.0,1.0,0.85,,,,,,,0.85,,,,,,,,
R0025,WAYPOINT3,comic,lot,lying,q1,inference,"Sarah doesn't tell the teacher because Rachel specifically reminded her that they are best friends, and usually, people feel a strong loyalty to protect their close friends even when they do something wrong.",33,0.6,0.8,0.8,1.0,,,,,0.78,,,,,,,0.78,1.0,1.0,1.0,1.0,,,,
R0025,WAYPOINT3,comic,lot,lying,q2,metacognitive,"In the comic, Rachel explicitly whispers, 'Don't tell on me. I'm your best friend.' I know from my own experience that it's really hard to report a friend to a teacher because you don't want to ruin the relationship or be seen as a snitch.",45,0.8,0.8,0.5333,1.0,,,,,0.7367,,,,,,,0.7367,1.0,1.0,1.0,1.0,,,,
R0025,WAYPOINT3,comic,lot,lying,q3,inference,"A good lesson is that true friends shouldn't put you in difficult moral situations. Rachel didn't study and decided to cheat, which forced Sarah to lie to the teacher just to protect their friendship.",34,0.6,1.0,0.6667,1.0,,,,,0.7833,,,,,,,0.7833,1.0,1.0,1.0,1.0,,,,
R0025,WAYPOINT3,comic,lot,lying,q4,metacognitive,"The story shows Rachel slacking off and then using her 'best friend' status to guilt Sarah into covering up her cheating. In the real world, a genuine friend wouldn't drag you into their bad choices and make you risk getting in trouble for them.",44,0.6,1.0,1.0,1.0,,,,,0.9,,,,,,,0.9,1.0,1.0,1.0,1.0,,,,
R0025,WAYPOINT3,comic,lot,stealing,q1,inference,"He kept the wallet because it had exactly $300 in it, which was the exact price of the red bike he really wanted. Since his parents refused to buy it for him, he let his temptation take over and decided to steal the lady's cash so he could purchase it himself.",51,0.8,0.75,0.8,0.75,,,,,0.78,,,,,,,0.78,,,,,1.0,1.0,0.0,1.0
R0025,WAYPOINT3,comic,lot,stealing,q2,metacognitive,"In the story, his parents tell him he doesn't need a new, expensive bike. Later, when he opens the wallet, he specifically says, 'With that money, I could buy that red bike!' In real life, when people are desperate for something they can't afford, they sometimes compromise their morals and resort to stealing when an easy opportunity presents itself.",59,0.6,1.0,1.0,0.75,,,,,0.8625,,,,,,,0.8625,,,,,1.0,1.0,1.0,0.0
R0025,WAYPOINT3,comic,lot,stealing,q3,inference,"The lesson is that you shouldn't let your greed or desire for material things push you into doing something wrong, like stealing from others and lying about it.",28,0.2,1.0,1.0,0.75,,,,,0.7625,,,,,,,0.7625,,,,,0.0,1.0,1.0,1.0
R0025,WAYPOINT3,comic,lot,stealing,q4,metacognitive,"I thought of this because Billy was so mad about not getting the bike for his birthday that he completely ignored the fact that the money belonged to the lady, even lying right to her face. From my own background knowledge, stealing someone else's hard-earned money just because you want a luxury item is incredibly selfish and unjustifiable.",58,0.8,1.0,1.0,1.0,,,,,0.95,,,,,,,0.95,,,,,1.0,1.0,1.0,1.0
R0026,WAYPOINT3,comic,moderate,cat,q1,inference,"The red-headed boy kept the cat because he knew what it felt like to be bullied. The other kids were being mean to both of them, so he felt a connection to the sad cat.",35,0.6,0.6,0.6,0.75,0.0,1.0,1.0,1.0,0.6225,,,,,,,0.6225,,,,,,,,
R0026,WAYPOINT3,comic,moderate,cat,q2,metacognitive,"I thought of this because the comic shows the kids laughing at the boy and then later at the cat in the rain. Usually when you both get picked on, you stick together because you understand how much it hurts.",40,0.8,0.8,0.8,1.0,1.0,1.0,1.0,1.0,0.83,,,,,,,0.83,,,,,,,,
R0026,WAYPOINT3,comic,moderate,cat,q3,inference,"A good lesson is that you should do the right thing and help others, even if it means losing people you thought were your friends.",25,0.4,1.0,1.0,1.0,1.0,1.0,1.0,1.0,0.85,,,,,,,0.85,,,,,,,,
R0026,WAYPOINT3,comic,moderate,cat,q4,metacognitive,"In the story, the kids told him he couldn't play basketball with them if he touched the cat, but he did it anyways. I know from real life that true friends don't force you to be mean, so he made the right choice to pick the cat over those bullies.",50,0.4,1.0,1.0,0.75,1.0,1.0,0.0,1.0,0.8125,,,,,,,0.8125,,,,,,,,
R0026,WAYPOINT3,comic,moderate,lying,q1,inference,"Sarah doesn't tell the teacher because Rachel reminded her that they are best friends. Usually, people don't want to snitch on their friends because they don't want them to get in trouble or ruin the friendship.",36,0.6,0.2,0.4,0.5,,,,,0.415,,,,,,,0.415,0.0,1.0,0.0,1.0,,,,
R0026,WAYPOINT3,comic,moderate,lying,q2,metacognitive,"In the comic Rachel whispers to not tell on her, and from my own experience, I know it feels really hard to get your best friend in trouble.",28,0.4,1.0,1.0,1.0,,,,,0.85,,,,,,,0.85,1.0,1.0,1.0,1.0,,,,
R0026,WAYPOINT3,comic,moderate,lying,q3,inference,You should not put your friends in a bad spot by making them lie for you when you do something wrong like cheating.,23,0.6,0.8,0.5333,0.75,,,,,0.6492,,,,,,,0.6492,1.0,1.0,1.0,0.0,,,,
R0026,WAYPOINT3,comic,moderate,lying,q4,metacognitive,"I thought of this because Sarah had to lie to Ms. Craig and say nothing was going on to protect Rachel. In real life, doing something bad and dragging your friend into it isn't fair to them and makes them feel guilty.",42,0.8,1.0,1.0,1.0,,,,,0.95,,,,,,,0.95,1.0,1.0,1.0,1.0,,,,
R0026,WAYPOINT3,comic,moderate,stealing,q1,inference,"Billy kept the wallet because he saw it had exactly $300, which is the price of the red bike he wanted. His parents had already told him they wouldn't buy it, so his greed took over and he decided to steal the money to get his way.",47,0.8,0.75,0.8,0.75,,,,,0.78,,,,,,,0.78,,,,,1.0,1.0,0.0,1.0
R0026,WAYPOINT3,comic,moderate,stealing,q2,metacognitive,"The comic shows him saying he could buy the bike when he counts the cash, and then he lies to the lady. I know from real life that when someone is upset about not getting what they want, they might make a really bad choice if an easy chance to get money drops right in front of them.",58,0.6,1.0,1.0,1.0,,,,,0.9,,,,,,,0.9,,,,,1.0,1.0,1.0,1.0
R0026,WAYPOINT3,comic,moderate,stealing,q3,inference,A good lesson is that you shouldn't let your desire for cool stuff turn you into a bad person. Just because you can't get what you want doesn't make it okay to steal from someone who made a mistake and left their things behind.,44,0.0,0.75,0.75,0.75,,,,,0.5625,,,,,,,0.5625,,,,,1.0,1.0,0.0,1.0
R0026,WAYPOINT3,comic,moderate,stealing,q4,metacognitive,"In the story, Billy looks the upset lady right in the eye and lies so he can keep her cash for his bike. It made me think of how wanting something too much can cloud your judgment, because in the real world, stealing someone's wallet is a crime and ruins their day.",52,0.8,1.0,1.0,1.0,,,,,0.95,,,,,,,0.95,,,,,1.0,1.0,1.0,1.0
R0027,WAYPOINT3,comic,none,cat,q1,inference,He kept the cat cause it was nice when he was crying. His friends were mean. A pet is a better friend than mean kids.,25,0.4,0.6,0.4,0.25,0.0,0.0,0.0,1.0,0.4275,,,,,,,0.4275,,,,,,,,
R0027,WAYPOINT3,comic,none,cat,q2,metacognitive,The story shows the kids laughing. I know real friends don't laugh when you are sad. So he picked the cat cause animals make better friends when people are mean.,30,0.6,0.6,0.6,0.5,0.0,1.0,0.0,1.0,0.585,,,,,,,0.585,,,,,,,,
R0027,WAYPOINT3,comic,none,cat,q3,inference,You should be nice to animals and not listen to bullies. Real friends are nice.,15,0.4,0.6,0.4,0.5,0.0,1.0,0.0,1.0,0.465,,,,,,,0.465,,,,,,,,
R0027,WAYPOINT3,comic,none,cat,q4,metacognitive,The story says the kids wouldn't let him play basketball. Usually kids just want to play games and fit in. But he saw the cat wet in the rain and knew helping is better than being with mean kids.,39,0.8,0.8,0.8,0.75,0.0,1.0,1.0,1.0,0.7925,,,,,,,0.7925,,,,,,,,
R0027,WAYPOINT3,comic,none,lying,q1,inference,Cause Rachel is her best friend. Friends don't get friends in trouble or they stop being friends.,17,0.6,0.0,0.2,0.5,,,,,0.295,,,,,,,0.295,1.0,1.0,0.0,0.0,,,,
R0027,WAYPOINT3,comic,none,lying,q2,metacognitive,The story says they are best friends. And I just know you protect your friends in real life.,18,0.4,0.8,0.5333,0.75,,,,,0.5992,,,,,,,0.5992,0.0,1.0,1.0,1.0,,,,
R0027,WAYPOINT3,comic,none,lying,q3,inference,Don't cheat. And don't make your friends cover for you.,10,0.6,0.0,0.4,0.5,,,,,0.365,,,,,,,0.365,1.0,1.0,0.0,0.0,,,,
R0027,WAYPOINT3,comic,none,lying,q4,metacognitive,Rachel copied the test. Sarah had to lie to the teacher. In real life it's bad to force friends to lie.,21,0.6,0.8,0.5333,0.75,,,,,0.6492,,,,,,,0.6492,0.0,1.0,1.0,1.0,,,,
R0027,WAYPOINT3,comic,none,stealing,q1,inference,to buy the bike. his mom and dad said no.,10,0.4,0.25,0.4,0.25,,,,,0.34,,,,,,,0.34,,,,,0.0,1.0,0.0,0.0
R0027,WAYPOINT3,comic,none,stealing,q2,metacognitive,the comic says he needs 300 and he found 300. kids sometimes do bad things like steal when they want stuff really bad.,23,0.2,0.5,0.5,0.75,,,,,0.4625,,,,,,,0.4625,,,,,1.0,1.0,0.0,1.0
R0027,WAYPOINT3,comic,none,stealing,q3,inference,dont steal even if you are mad.,7,0.0,0.25,0.1667,0.25,,,,,0.1583,,,,,,,0.1583,,,,,0.0,1.0,0.0,0.0
R0027,WAYPOINT3,comic,none,stealing,q4,metacognitive,billy took the wallet because he was mad at his parents. in real life stealing is wrong.,17,0.4,0.75,0.5,0.75,,,,,0.575,,,,,,,0.575,,,,,1.0,1.0,1.0,0.0
R0028,WAYPOINT3,text,moderate,cat,q1,inference,"He kept the cat because he realized the cat was a 'real friend' who tried to comfort him when he was crying, while the other kids were just bullies. He saw the cat shivering in the rain and probably knew exactly how it felt to be made fun of, so he wanted to protect it.",55,0.6,1.0,1.0,0.75,0.0,1.0,1.0,1.0,0.8625,,,,,,,0.8625,,,,,,,,
R0028,WAYPOINT3,text,moderate,cat,q2,metacognitive,"The story says the boy called him a real friend and pet him even when the kids said he couldn't play basketball. I thought of this because in real life, true friends are there when you're sad, and fake friends just care about looking cool and making fun of others.",50,0.6,1.0,1.0,0.75,1.0,1.0,0.0,1.0,0.8625,,,,,,,0.8625,,,,,,,,
R0028,WAYPOINT3,text,moderate,cat,q3,inference,A good lesson is that you shouldn't give in to peer pressure and instead you should be kind to the ones who actually care about you.,26,0.4,1.0,1.0,0.75,0.0,1.0,1.0,1.0,0.8125,,,,,,,0.8125,,,,,,,,
R0028,WAYPOINT3,text,moderate,cat,q4,metacognitive,"I know this because Bruno chose to help the wet cat instead of going to play basketball with the mean boys. It reminds me that in life you have to stop worrying about what mean kids think and do the right thing, like helping someone who needs it.",48,1.0,1.0,1.0,0.75,0.0,1.0,1.0,1.0,0.9625,,,,,,,0.9625,,,,,,,,
R0028,WAYPOINT3,text,moderate,lying,q1,inference,Sarah doesn't tell the teacher because Rachel is her best friend and specifically asked her not to. People are usually really loyal to their friends and don't want to be the one to get them in big trouble.,38,0.6,0.8,0.5333,1.0,,,,,0.6867,,,,,,,0.6867,1.0,1.0,1.0,1.0,,,,
R0028,WAYPOINT3,text,moderate,lying,q2,metacognitive,"The text says Rachel whispered 'Don't tell on me. I'm your best friend' when she caught Sarah looking at her. I know that loyalty to your best friend is a huge deal, and most people don't want to be a snitch and ruin a friendship over a test.",48,1.0,0.8,0.6667,1.0,,,,,0.8333,,,,,,,0.8333,1.0,1.0,1.0,1.0,,,,
R0028,WAYPOINT3,text,moderate,lying,q3,inference,A lesson is that making bad choices can put your friends in a really tough spot where they feel forced to lie for you.,24,0.4,0.6,0.6,1.0,,,,,0.61,,,,,,,0.61,1.0,1.0,1.0,1.0,,,,
R0028,WAYPOINT3,text,moderate,lying,q4,metacognitive,"In the story, Rachel didn't study and decided to cheat, which forced Sarah to lie to the teacher to protect her. In real life, doing dishonest things puts unfair pressure on your friends because they have to choose between doing the right thing and being loyal to you.",48,0.8,1.0,1.0,1.0,,,,,0.95,,,,,,,0.95,1.0,1.0,1.0,1.0,,,,
R0028,WAYPOINT3,text,moderate,stealing,q1,inference,"Billy kept the wallet because it had exactly $300, which is what he needed for the new bike, and he let his jealousy and greed take over.",27,0.8,0.5,0.8,0.75,,,,,0.7175,,,,,,,0.7175,,,,,1.0,1.0,0.0,1.0
R0028,WAYPOINT3,text,moderate,stealing,q2,metacognitive,The story mentions his dad wouldn't buy him the expensive bike and he found $300 in the wallet. I know from life that people can be tempted to steal when they are mad and see an easy way to get what they want without working for it.,47,0.6,0.75,0.75,0.75,,,,,0.7125,,,,,,,0.7125,,,,,1.0,1.0,0.0,1.0
R0028,WAYPOINT3,text,moderate,stealing,q3,inference,A good lesson is that you shouldn't steal from others just because you want something you can't afford.,18,0.2,1.0,1.0,0.75,,,,,0.7625,,,,,,,0.7625,,,,,1.0,1.0,0.0,1.0
R0028,WAYPOINT3,text,moderate,stealing,q4,metacognitive,"I thought of this because Billy lied to the lady so he could keep her $300 for his bike. In the real world, stealing someone's wallet is a crime, and it's selfish to hurt innocent people just because your parents said no to a toy.",45,0.8,1.0,0.6667,0.75,,,,,0.7958,,,,,,,0.7958,,,,,1.0,1.0,0.0,1.0
R0029,WAYPOINT3,text,little,cat,q1,inference,"He kept the cat because the cat comforted him when he was crying earlier. The other boys were just bullies, and I know it's better to pick someone who really cares about you instead of hanging out with mean kids.",40,0.6,1.0,1.0,0.75,0.0,1.0,1.0,1.0,0.8625,,,,,,,0.8625,,,,,,,,
R0029,WAYPOINT3,text,little,cat,q2,metacognitive,"Because the story says he called the cat a 'real friend' at the end. It makes sense because in real life, when people make fun of you or others like those basketball boys did, you realize they aren't your true friends anyway.",42,0.6,0.6,0.4,0.5,0.0,1.0,0.0,1.0,0.515,,,,,,,0.515,,,,,,,,
R0029,WAYPOINT3,text,little,cat,q3,inference,A good lesson is to not let peer pressure make you do the wrong thing. Bruno decided to help the cat even though the boys threatened that he couldn't play basketball anymore.,32,0.6,1.0,1.0,0.75,1.0,0.0,1.0,1.0,0.8625,,,,,,,0.8625,,,,,,,,
R0029,WAYPOINT3,text,little,cat,q4,metacognitive,"I thought of this because the boys were laughing at the cat while it was shivering in the cold rain. In the real world, it takes guts to stand up to your friends when they act like jerks, but being kind is more important than fitting in.",47,0.6,1.0,1.0,1.0,1.0,1.0,1.0,1.0,0.9,,,,,,,0.9,,,,,,,,
R0029,WAYPOINT3,text,little,lying,q1,inference,Sarah didn't tell because Rachel is her best friend since they were toddlers. I guess in real life you don't snitch on your best friend because they will get mad at you and not be your friend anymore.,38,0.6,0.6,0.4,1.0,,,,,0.59,,,,,,,0.59,1.0,1.0,1.0,1.0,,,,
R0029,WAYPOINT3,text,little,lying,q2,metacognitive,The story says Rachel whispered 'Don't tell on me.' And I just know that friends usually protect each other from getting in trouble at school.,25,0.8,1.0,0.6667,1.0,,,,,0.8333,,,,,,,0.8333,1.0,1.0,1.0,1.0,,,,
R0029,WAYPOINT3,text,little,lying,q3,inference,A lesson is that cheating puts your friends in a really bad spot. Rachel cheated and made Sarah lie to the teacher about it.,24,0.6,0.8,0.8,1.0,,,,,0.78,,,,,,,0.78,1.0,1.0,1.0,1.0,,,,
R0029,WAYPOINT3,text,little,lying,q4,metacognitive,"I thought of this because Sarah had to tell the teacher 'Nothing is going on.' In real life, it sucks when a friend breaks the rules because then you have to lie for them to keep the friendship going.",39,0.6,1.0,1.0,1.0,,,,,0.9,,,,,,,0.9,1.0,1.0,1.0,1.0,,,,
R0029,WAYPOINT3,text,little,stealing,q1,inference,"He kept it because the wallet had exactly $300. His dad told him no about the new bike, so he decided to steal the money because he really wanted it and got greedy.",33,0.6,0.75,0.75,0.75,,,,,0.7125,,,,,,,0.7125,,,,,1.0,1.0,0.0,1.0
R0029,WAYPOINT3,text,little,stealing,q2,metacognitive,"The story says he looked in the wallet and said he could buy the red bike. Also, I know that people sometimes steal things when they are mad they can't afford something themselves.",33,0.6,0.5,0.2,0.5,,,,,0.42,,,,,,,0.42,,,,,1.0,0.0,1.0,0.0
R0029,WAYPOINT3,text,little,stealing,q3,inference,You shouldn't steal from people or lie just because you are mad you didn't get a present you wanted.,19,0.0,0.75,0.75,0.75,,,,,0.5625,,,,,,,0.5625,,,,,1.0,1.0,0.0,1.0
R0029,WAYPOINT3,text,little,stealing,q4,metacognitive,"Billy was mad his parents said no, so he lied to the lady about finding her wallet. Taking stuff that belongs to someone else is stealing, which is always a bad thing to do in real life.",37,0.6,1.0,1.0,0.5,,,,,0.825,,,,,,,0.825,,,,,1.0,1.0,0.0,0.0
R0030,WAYPOINT3,text,lot,cat,q1,inference,"Bruno kept the cat because he realized the animal actually cared about his feelings when he was crying, which made it a much better companion than the boys mocking them.",30,0.6,0.8,0.8,0.5,0.0,1.0,0.0,1.0,0.705,,,,,,,0.705,,,,,,,,
R0030,WAYPOINT3,text,lot,cat,q2,metacognitive,"In the text, the cat tries to comfort Bruno on the bench, and later Bruno calls him a 'real friend' in the rain. I know from life experience that the unconditional loyalty of a pet is far more valuable than hanging out with toxic peers who threaten to exclude you.",50,1.0,0.8,1.0,1.0,1.0,1.0,1.0,1.0,0.95,,,,,,,0.95,,,,,,,,
R0030,WAYPOINT3,text,lot,cat,q3,inference,The main lesson is that you should value genuine friendship and compassion over trying to fit in with a cruel crowd.,21,0.4,0.8,0.8,1.0,1.0,1.0,1.0,1.0,0.73,,,,,,,0.73,,,,,,,,
R0030,WAYPOINT3,text,lot,cat,q4,metacognitive,"I thought of this because Bruno ultimately chooses to adopt the cold, wet cat instead of playing basketball with the bullies. In the real world, people who only accept you if you act mean aren't true friends, but those who comfort you unconditionally definitely are.",45,1.0,1.0,1.0,0.75,0.0,1.0,1.0,1.0,0.9625,,,,,,,0.9625,,,,,,,,
R0030,WAYPOINT3,text,lot,lying,q1,inference,"Sarah doesn't tell the teacher because she feels a strong sense of loyalty to Rachel since they have been best friends since they were toddlers. Even though she knows cheating is wrong, she doesn't want to betray her close friend and risk ruining their relationship by snitching.",47,0.8,0.8,0.5333,1.0,,,,,0.7367,,,,,,,0.7367,1.0,1.0,1.0,1.0,,,,
R0030,WAYPOINT3,text,lot,lying,q2,metacognitive,"In the story, Rachel specifically whispers, 'I'm your best friend' to guilt-trip Sarah into staying quiet. I know from real-world situations that friendship loyalty often pushes people to cover up bad behavior, because losing a lifelong friend feels worse in the moment than lying to an authority figure.",48,0.6,1.0,1.0,1.0,,,,,0.9,,,,,,,0.9,1.0,1.0,1.0,1.0,,,,
R0030,WAYPOINT3,text,lot,lying,q3,inference,"A valuable lesson is that true friends shouldn't put you in difficult moral dilemmas just to cover up their own lazy mistakes. Rachel didn't study and decided to cheat, but then she unfairly used their lifelong friendship as leverage to force Sarah into lying to the teacher.",47,0.6,1.0,1.0,1.0,,,,,0.9,,,,,,,0.9,1.0,1.0,1.0,1.0,,,,
R0030,WAYPOINT3,text,lot,lying,q4,metacognitive,"The text shows Rachel blatantly using their toddler-years friendship as an excuse when she gets caught copying the boy's test. From my own perspective, a healthy friendship relies on mutual respect, so manipulating a friend to compromise their integrity isn't how genuine friends behave.",44,0.8,1.0,1.0,1.0,,,,,0.95,,,,,,,0.95,1.0,1.0,1.0,1.0,,,,
R0030,WAYPOINT3,text,lot,stealing,q1,inference,"Billy kept the lady's wallet because it contained exactly $300, which was the price of the new bike he wanted. Since his parents refused to buy it for him, his intense desire for the bike blinded his sense of right and wrong, causing him to steal.",46,0.8,1.0,1.0,1.0,,,,,0.95,,,,,,,0.95,,,,,1.0,1.0,1.0,1.0
R0030,WAYPOINT3,text,lot,stealing,q2,metacognitive,"The text states that the beautiful bike cost $300 and his dad said no to his request. From my own understanding of human nature, when people are upset and suddenly face a strong temptation, they can easily give in to greed and make dishonest choices like lying to the lady.",50,0.8,1.0,1.0,1.0,,,,,0.95,,,,,,,0.95,,,,,1.0,1.0,1.0,1.0
R0030,WAYPOINT3,text,lot,stealing,q3,inference,The primary lesson is that you shouldn't let materialism and temporary anger push you into committing unethical acts like theft.,20,0.0,1.0,0.6667,0.5,,,,,0.5583,,,,,,,0.5583,,,,,1.0,1.0,0.0,0.0
R0030,WAYPOINT3,text,lot,stealing,q4,metacognitive,"In the story, Billy's frustration over not getting the expensive bike directly leads him to lie to the lady and take her money. In the real world, stealing to satisfy your own selfish wants is deeply wrong, and acting out of jealousy usually means you end up hurting innocent people.",50,0.6,1.0,1.0,1.0,,,,,0.9,,,,,,,0.9,,,,,1.0,1.0,1.0,1.0
R0031,WAYPOINT3,comic,little,cat,q1,inference,"I think he kept the cat because he saw it was sad in the rain, and he wanted to be a real friend back.",24,0.6,0.8,0.8,0.75,0.0,1.0,1.0,1.0,0.7425,,,,,,,0.7425,,,,,,,,
R0031,WAYPOINT3,comic,little,cat,q2,metacognitive,"The story showed the cat sitting by him when he was crying. In real life, when someone helps you when you're sad, you want to stand up for them when they get picked on.",34,0.6,0.6,0.6,1.0,1.0,1.0,1.0,1.0,0.66,,,,,,,0.66,,,,,,,,
R0031,WAYPOINT3,comic,little,cat,q3,inference,"Um, maybe the lesson is to not listen to bullies and just be a good friend.",16,0.4,0.8,0.2667,0.75,0.0,1.0,1.0,1.0,0.5058,,,,,,,0.5058,,,,,,,,
R0031,WAYPOINT3,comic,little,cat,q4,metacognitive,"Well, the boy adopted the cat even when the other kids said he couldn't play basketball. Like in real life, doing the right thing is more important than just fitting in with mean people.",34,0.4,0.8,0.5333,0.75,1.0,0.0,1.0,1.0,0.5992,,,,,,,0.5992,,,,,,,,
R0031,WAYPOINT3,comic,little,lying,q1,inference,"Um, Sarah didn't tell because Rachel has been her best friend since they were toddlers. Usually, you don't want to snitch on your best friend because it gets them in big trouble.",32,0.6,0.8,0.2667,1.0,,,,,0.5933,,,,,,,0.5933,1.0,1.0,1.0,1.0,,,,
R0031,WAYPOINT3,comic,little,lying,q2,metacognitive,"In the comic Rachel whispers 'don't tell on me.' I just know from real life that it's really hard to tell on your friends, because they might get mad at you or not be your friend anymore.",37,0.8,0.8,0.8,1.0,,,,,0.83,,,,,,,0.83,1.0,1.0,1.0,1.0,,,,
R0031,WAYPOINT3,comic,little,lying,q3,inference,"Maybe a lesson is that you shouldn't cheat, because it makes your friends have to lie for you to the teacher.",21,0.4,0.8,0.8,1.0,,,,,0.73,,,,,,,0.73,1.0,1.0,1.0,1.0,,,,
R0031,WAYPOINT3,comic,little,lying,q4,metacognitive,"Well, Rachel didn't study and copied, and then Sarah had to tell Ms. Craig nothing was wrong. I think in real life it's unfair to make your friends feel bad by pulling them into your own mistakes.",37,0.6,1.0,0.6667,1.0,,,,,0.7833,,,,,,,0.7833,1.0,1.0,1.0,1.0,,,,
R0031,WAYPOINT3,comic,little,stealing,q1,inference,"He kept it because his parents said no to the new bike, and he saw 300 dollars in the wallet. Sometimes when kids are mad and really want something, they just take it even if it's wrong.",37,0.8,0.75,0.8,1.0,,,,,0.8175,,,,,,,0.8175,,,,,1.0,1.0,1.0,1.0
R0031,WAYPOINT3,comic,little,stealing,q2,metacognitive,"In the story he gets mad at his parents and then sees the exact money for the red bike. Also, I know that people sometimes make bad choices and steal when they are upset.",34,0.6,0.75,0.75,0.5,,,,,0.675,,,,,,,0.675,,,,,1.0,1.0,0.0,0.0
R0031,WAYPOINT3,comic,little,stealing,q3,inference,"Umm, maybe that you shouldn't steal or lie just because you can't get what you want.",16,0.0,0.5,0.3333,0.5,,,,,0.3167,,,,,,,0.3167,,,,,1.0,1.0,0.0,0.0
R0031,WAYPOINT3,comic,little,stealing,q4,metacognitive,"Well, the comic shows him lying to the lady so he can buy the bike. But in real life, taking somebody else's money is a bad thing to do because that lady probably needed her money.",36,0.2,1.0,1.0,0.75,,,,,0.7625,,,,,,,0.7625,,,,,1.0,1.0,0.0,1.0
R0032,WAYPOINT3,text,none,cat,q1,inference,"He keep the cat cause it was a real friend. The cat help him when he cry, and the boys was just mean.",23,0.4,0.6,0.6,0.25,0.0,0.0,0.0,1.0,0.4975,,,,,,,0.4975,,,,,,,,
R0032,WAYPOINT3,text,none,cat,q2,metacognitive,The story say the cat sit with him crying. I know real friends dont laugh at you. So cat is better friend than them.,24,0.4,0.6,0.6,0.75,0.0,1.0,1.0,1.0,0.5725,,,,,,,0.5725,,,,,,,,
R0032,WAYPOINT3,text,none,cat,q3,inference,Pick nice friends over mean bullies.,6,0.4,0.4,0.2667,0.5,0.0,1.0,0.0,1.0,0.3683,,,,,,,0.3683,,,,,,,,
R0032,WAYPOINT3,text,none,cat,q4,metacognitive,"Bruno gave up basketball to keep the sad cat. Cause in real life playing games with mean kids is bad, having a nice friend is better.",26,0.8,0.8,0.5333,0.5,0.0,0.0,1.0,1.0,0.6617,,,,,,,0.6617,,,,,,,,
R0032,WAYPOINT3,text,none,lying,q1,inference,She wants to keep her friend. Rachel told her shhh we are best friends. You don't tell on friends or they hate you.,23,0.8,0.2,0.5333,0.5,,,,,0.5117,,,,,,,0.5117,0.0,1.0,0.0,1.0,,,,
R0032,WAYPOINT3,text,none,lying,q2,metacognitive,The story says Rachel whispered that she is her best friend. I know if you get a friend in trouble they will not be your friend anymore.,27,0.4,0.8,0.5333,1.0,,,,,0.6367,,,,,,,0.6367,1.0,1.0,1.0,1.0,,,,
R0032,WAYPOINT3,text,none,lying,q3,inference,I guess study for your tests. Rachel didn't study so she copied. It is bad to make your friends lie for you.,22,0.4,0.6,0.4,0.75,,,,,0.5025,,,,,,,0.5025,0.0,1.0,1.0,1.0,,,,
R0032,WAYPOINT3,text,none,lying,q4,metacognitive,Because Rachel said she didn't study in the story. Then she cheated and told Sarah not to tell. In real life it's mean to make your best friend lie to a teacher.,32,0.6,0.6,0.6,0.75,,,,,0.6225,,,,,,,0.6225,0.0,1.0,1.0,1.0,,,,
R0032,WAYPOINT3,text,none,stealing,q1,inference,He kept it to buy the $300 bike. His dad said no to a new bike. Sometimes people steal money to buy stuff they really want.,26,0.4,0.5,0.5,0.5,,,,,0.475,,,,,,,0.475,,,,,0.0,1.0,0.0,1.0
R0032,WAYPOINT3,text,none,stealing,q2,metacognitive,The story says he saw $300 in the wallet and thought about the red bike. I guess I know kids do bad things when they want a toy really bad.,30,0.6,0.75,0.75,0.75,,,,,0.7125,,,,,,,0.7125,,,,,1.0,1.0,0.0,1.0
R0032,WAYPOINT3,text,none,stealing,q3,inference,Don't be greedy and steal. Even if you want a expensive bike.,12,0.2,0.25,0.25,0.5,,,,,0.275,,,,,,,0.275,,,,,0.0,1.0,0.0,1.0
R0032,WAYPOINT3,text,none,stealing,q4,metacognitive,"He lied to the lady about her wallet in the story. Stealing is a crime in real life, you should just save up your own money.",26,0.2,0.75,0.5,0.5,,,,,0.4875,,,,,,,0.4875,,,,,1.0,1.0,0.0,0.0
