respondent_id,level,format,experience,story,question,question_type,response_text,response_length_words,anchor_local,anchor_global,anchor_causal,anchor_mean_themes,anchor_theme_loyalty,anchor_theme_empathy,anchor_theme_peer_pressure,anchor_theme_kindness,keyword_composite,sim_WAYPOINT0,sim_WAYPOINT1,sim_WAYPOINT2,sim_WAYPOINT3,prediction_top_sim,prediction_margin,predicted_waypoint,semantic_quality,has_semantic_score,overall_composite,anchor_theme_loyalty_vs_honesty,anchor_theme_friendship,anchor_theme_integrity,anchor_theme_peer_loyalty,anchor_theme_temptation,anchor_theme_honesty,anchor_theme_consequences,anchor_theme_greed
R0001,WAYPOINT0,comic,,cat,q1,inference,I dont know.,3,0.0,0.0,0.0,0.0,0.0,0.0,0.0,0.0,0.0,0.567,0.3346,0.3074,0.2788,0.567,0.2324,,0.4001,True,0.2401,,,,,,,,
R0001,WAYPOINT0,comic,,cat,q2,metacognitive,I just don't know the answer to it.,8,0.0,0.0,0.0,0.0,0.0,0.0,0.0,0.0,0.0,0.9048,0.3537,0.4012,0.3377,0.9048,0.5035,WAYPOINT0,0.362,True,0.2172,,,,,,,,
R0001,WAYPOINT0,comic,,cat,q3,inference,always eat your vegetables before dessert.,6,0.0,0.0,0.0,0.0,0.0,0.0,0.0,0.0,0.0,0.3872,0.4016,0.4347,0.3614,0.4347,0.0331,,0.4953,True,0.2972,,,,,,,,
R0001,WAYPOINT0,comic,,cat,q4,metacognitive,thats what my dad tells me every night.,8,0.0,0.2,0.0,0.25,0.0,0.0,1.0,0.0,0.0875,0.6817,0.3366,0.4326,0.3465,0.6817,0.2491,WAYPOINT0,0.4157,True,0.2844,,,,,,,,
R0001,WAYPOINT0,comic,,lying,q1,inference,Because her shirt is pink.,5,0.0,0.0,0.0,0.0,,,,,0.0,0.6059,0.4744,0.4769,0.3899,0.6059,0.129,,0.4447,True,0.2668,0.0,0.0,0.0,0.0,,,,
R0001,WAYPOINT0,comic,,lying,q2,metacognitive,I like pink shirts and she is wearing one.,9,0.0,0.0,0.0,0.0,,,,,0.0,0.4981,0.4118,0.4046,0.3666,0.4981,0.0863,,0.4602,True,0.2761,0.0,0.0,0.0,0.0,,,,
R0001,WAYPOINT0,comic,,lying,q3,inference,idk.,1,0.0,0.0,0.0,0.0,,,,,0.0,0.545,0.2618,0.2775,0.2421,0.545,0.2675,,0.3878,True,0.2327,0.0,0.0,0.0,0.0,,,,
R0001,WAYPOINT0,comic,,lying,q4,metacognitive,nothing.,1,0.2,0.0,0.0,0.0,,,,,0.05,0.5315,0.3253,0.321,0.3381,0.5315,0.1934,,0.4357,True,0.2814,0.0,0.0,0.0,0.0,,,,
R0001,WAYPOINT0,comic,,stealing,q1,inference,because wallets hold pictures of peoples dogs.,7,0.0,0.0,0.0,0.0,,,,,0.0,0.4354,0.5211,0.4836,0.5004,0.5211,0.0208,,0.5135,True,0.3081,,,,,0.0,0.0,0.0,0.0
R0001,WAYPOINT0,comic,,stealing,q2,metacognitive,my mom has a picture of our dog in her wallet.,11,0.2,0.0,0.0,0.0,,,,,0.05,0.3381,0.4292,0.3253,0.435,0.435,0.0058,,0.5204,True,0.3322,,,,,0.0,0.0,0.0,0.0
R0001,WAYPOINT0,comic,,stealing,q3,inference,I don't really know.,4,0.0,0.0,0.0,0.0,,,,,0.0,0.677,0.3178,0.3323,0.2948,0.677,0.3447,WAYPOINT0,0.3837,True,0.2302,,,,,0.0,0.0,0.0,0.0
R0001,WAYPOINT0,comic,,stealing,q4,metacognitive,Cause I just dont know what a lesson is.,9,0.0,0.0,0.0,0.25,,,,,0.0375,0.505,0.3718,0.4186,0.3801,0.505,0.0864,,0.4674,True,0.2954,,,,,1.0,0.0,0.0,0.0
R0002,WAYPOINT0,text,,cat,q1,inference,Because red hair is cool.,5,0.2,0.2,0.0667,0.0,0.0,0.0,0.0,0.0,0.1233,0.4614,0.3138,0.3992,0.3162,0.4614,0.0622,,0.4608,True,0.3258,,,,,,,,
R0002,WAYPOINT0,text,,cat,q2,metacognitive,My cousin has red hair.,5,0.2,0.0,0.0,0.0,0.0,0.0,0.0,0.0,0.05,0.4429,0.3758,0.3855,0.3072,0.4429,0.0574,,0.4562,True,0.2937,,,,,,,,
R0002,WAYPOINT0,text,,cat,q3,inference,I don't know.,3,0.0,0.0,0.0,0.0,0.0,0.0,0.0,0.0,0.0,0.5993,0.318,0.3023,0.2765,0.5993,0.2813,,0.3904,True,0.2342,,,,,,,,
R0002,WAYPOINT0,text,,cat,q4,metacognitive,It's just a story about a cat.,7,0.0,0.0,0.0,0.0,0.0,0.0,0.0,0.0,0.0,0.4631,0.6174,0.3566,0.6058,0.6174,0.0116,,0.5136,True,0.3082,,,,,,,,
R0002,WAYPOINT0,text,,lying,q1,inference,I have no idea.,4,0.0,0.0,0.0,0.0,,,,,0.0,0.5645,0.4269,0.3655,0.3105,0.5645,0.1376,,0.4177,True,0.2506,0.0,0.0,0.0,0.0,,,,
R0002,WAYPOINT0,text,,lying,q2,metacognitive,Because I wasn't there.,4,0.0,0.0,0.0,0.0,,,,,0.0,0.5954,0.4387,0.4421,0.4365,0.5954,0.1533,,0.4588,True,0.2753,0.0,0.0,0.0,0.0,,,,
R0002,WAYPOINT0,text,,lying,q3,inference,You should use a pencil on math tests.,8,0.2,0.0,0.0,0.5,,,,,0.125,0.5626,0.4995,0.3146,0.3329,0.5626,0.0631,,0.4148,True,0.2989,1.0,0.0,1.0,0.0,,,,
R0002,WAYPOINT0,text,,lying,q4,metacognitive,Cause you have to bubble in the answers on the paper.,11,0.0,0.0,0.0,0.25,,,,,0.0375,0.4539,0.5361,0.3428,0.342,0.5361,0.0823,,0.4474,True,0.2834,1.0,0.0,0.0,0.0,,,,
R0002,WAYPOINT0,text,,stealing,q1,inference,"I don't know, maybe he just likes wallets.",8,0.0,0.0,0.0,0.25,,,,,0.0375,0.5204,0.5637,0.5072,0.5573,0.5637,0.0063,,0.5042,True,0.3175,,,,,1.0,0.0,0.0,0.0
R0002,WAYPOINT0,text,,stealing,q2,metacognitive,I just guessed.,3,0.0,0.0,0.0,0.25,,,,,0.0375,0.5991,0.3584,0.4147,0.3885,0.5991,0.1843,,0.4455,True,0.2823,,,,,1.0,0.0,0.0,0.0
R0002,WAYPOINT0,text,,stealing,q3,inference,Ice cream is really good.,5,0.2,0.0,0.0,0.0,,,,,0.05,0.813,0.3691,0.3714,0.3304,0.813,0.4416,WAYPOINT0,0.3721,True,0.2433,,,,,0.0,0.0,0.0,0.0
R0002,WAYPOINT0,text,,stealing,q4,metacognitive,Because he ate ice cream at the shop.,8,0.2,0.0,0.0333,0.0,,,,,0.0617,0.7492,0.5104,0.4264,0.4536,0.7492,0.2389,WAYPOINT0,0.4244,True,0.2793,,,,,0.0,0.0,0.0,0.0
R0003,WAYPOINT0,text,,cat,q1,inference,I don't know.,3,0.0,0.0,0.0,0.0,0.0,0.0,0.0,0.0,0.0,0.5568,0.3385,0.3204,0.3017,0.5568,0.2183,,0.414,True,0.2484,,,,,,,,
R0003,WAYPOINT0,text,,cat,q2,metacognitive,I just guessed.,3,0.0,0.0,0.0,0.0,0.0,0.0,0.0,0.0,0.0,0.5991,0.3452,0.3858,0.3186,0.5991,0.2133,,0.419,True,0.2514,,,,,,,,
R0003,WAYPOINT0,text,,cat,q3,inference,Cats are stinky.,3,0.2,0.0,0.0,0.0,0.0,0.0,0.0,0.0,0.05,0.5622,0.4659,0.2812,0.4565,0.5622,0.0963,,0.4526,True,0.2916,,,,,,,,
R0003,WAYPOINT0,text,,cat,q4,metacognitive,My dog is stinky sometimes too.,6,0.2,0.0,0.0,0.0,0.0,0.0,0.0,0.0,0.05,0.3525,0.3745,0.3223,0.3539,0.3745,0.0205,,0.4943,True,0.3166,,,,,,,,
R0003,WAYPOINT0,text,,lying,q1,inference,She likes to sit at desks.,6,0.0,0.0,0.0,0.0,,,,,0.0,0.8482,0.4335,0.4224,0.3829,0.8482,0.4147,WAYPOINT0,0.3876,True,0.2326,0.0,0.0,0.0,0.0,,,,
R0003,WAYPOINT0,text,,lying,q2,metacognitive,Because they are in middle school.,6,0.0,0.0,0.0,0.0,,,,,0.0,0.4256,0.4344,0.4935,0.5133,0.5133,0.0198,,0.5288,True,0.3173,0.0,0.0,0.0,0.0,,,,
R0003,WAYPOINT0,text,,lying,q3,inference,Math tests are 40 minutes.,5,0.2,0.0,0.0,0.0,,,,,0.05,0.5574,0.4563,0.2748,0.3087,0.5574,0.1011,,0.4032,True,0.2619,0.0,0.0,0.0,0.0,,,,
R0003,WAYPOINT0,text,,lying,q4,metacognitive,Because the teacher said it.,5,0.0,0.0,0.0,0.0,,,,,0.0,0.4432,0.6157,0.3733,0.3837,0.6157,0.1725,,0.4614,True,0.2768,0.0,0.0,0.0,0.0,,,,
R0003,WAYPOINT0,text,,stealing,q1,inference,I don't know.,3,0.0,0.0,0.0,0.0,,,,,0.0,1.0,0.35,0.3154,0.2959,1.0,0.65,WAYPOINT0,0.3176,True,0.1906,,,,,0.0,0.0,0.0,0.0
R0003,WAYPOINT0,text,,stealing,q2,metacognitive,I just don't know.,4,0.0,0.0,0.0,0.25,,,,,0.0375,1.0,0.3005,0.3858,0.33,1.0,0.6142,WAYPOINT0,0.3409,True,0.2195,,,,,1.0,0.0,0.0,0.0
R0003,WAYPOINT0,text,,stealing,q3,inference,Bikes cost 300 dollars.,4,0.2,0.0,0.0,0.0,,,,,0.05,0.3296,0.3792,0.3628,0.4358,0.4358,0.0566,,0.5334,True,0.34,,,,,0.0,0.0,0.0,0.0
R0003,WAYPOINT0,text,,stealing,q4,metacognitive,It said 300 in the story.,6,0.2,0.0,0.0,0.0,,,,,0.05,0.5559,0.3576,0.3603,0.4253,0.5559,0.1305,,0.4618,True,0.2971,,,,,0.0,0.0,0.0,0.0
R0004,WAYPOINT0,comic,,cat,q1,inference,Because cats like to play with yarn.,7,0.0,0.0,0.0,0.25,0.0,0.0,1.0,0.0,0.0375,0.7225,0.5043,0.5105,0.425,0.7225,0.212,WAYPOINT0,0.4317,True,0.274,,,,,,,,
R0004,WAYPOINT0,comic,,cat,q2,metacognitive,My cat at home plays with yarn a lot.,9,0.0,0.0,0.0,0.0,0.0,0.0,0.0,0.0,0.0,0.7181,0.4516,0.2831,0.406,0.7181,0.2665,WAYPOINT0,0.4009,True,0.2405,,,,,,,,
R0004,WAYPOINT0,comic,,cat,q3,inference,I don't know what lesson it is.,7,0.0,0.0,0.0,0.0,0.0,0.0,0.0,0.0,0.0,0.9244,0.5789,0.5562,0.4513,0.9244,0.3455,WAYPOINT0,0.4043,True,0.2426,,,,,,,,
R0004,WAYPOINT0,comic,,cat,q4,metacognitive,I just don't know.,4,0.0,0.0,0.0,0.0,0.0,0.0,0.0,0.0,0.0,0.6012,0.3522,0.3866,0.3276,0.6012,0.2145,,0.4214,True,0.2528,,,,,,,,
R0004,WAYPOINT0,comic,,lying,q1,inference,I don't know.,3,0.0,0.0,0.0,0.0,,,,,0.0,0.5798,0.4224,0.3702,0.3008,0.5798,0.1575,,0.4114,True,0.2468,0.0,0.0,0.0,0.0,,,,
R0004,WAYPOINT0,comic,,lying,q2,metacognitive,I didn't know what to put.,6,0.0,0.0,0.0,0.0,,,,,0.0,0.8157,0.3992,0.4049,0.3853,0.8157,0.4107,WAYPOINT0,0.3931,True,0.2359,0.0,0.0,0.0,0.0,,,,
R0004,WAYPOINT0,comic,,lying,q3,inference,Don't go to school.,4,0.0,0.0,0.0,0.0,,,,,0.0,0.4823,0.486,0.4244,0.3834,0.486,0.0037,,0.4664,True,0.2798,0.0,0.0,0.0,0.0,,,,
R0004,WAYPOINT0,comic,,lying,q4,metacognitive,Because school is boring sometimes.,5,0.0,0.0,0.0,0.0,,,,,0.0,0.604,0.4939,0.3673,0.35,0.604,0.1101,,0.4184,True,0.251,0.0,0.0,0.0,0.0,,,,
R0004,WAYPOINT0,comic,,stealing,q1,inference,He likes to eat ice cream.,6,0.2,0.0,0.0333,0.0,,,,,0.0617,0.7948,0.4353,0.4501,0.4078,0.7948,0.3447,WAYPOINT0,0.4085,True,0.2698,,,,,0.0,0.0,0.0,0.0
R0004,WAYPOINT0,comic,,stealing,q2,metacognitive,Ice cream is really good.,5,0.2,0.0,0.0,0.0,,,,,0.05,0.9601,0.3073,0.4236,0.4812,0.9601,0.4789,WAYPOINT0,0.3987,True,0.2592,,,,,0.0,0.0,0.0,0.0
R0004,WAYPOINT0,comic,,stealing,q3,inference,I don't know.,3,0.0,0.0,0.0,0.0,,,,,0.0,0.638,0.3034,0.3144,0.282,0.638,0.3235,,0.3854,True,0.2312,,,,,0.0,0.0,0.0,0.0
R0004,WAYPOINT0,comic,,stealing,q4,metacognitive,Because I couldn't think of anything.,6,0.0,0.0,0.0,0.0,,,,,0.0,0.828,0.4454,0.392,0.3719,0.828,0.3825,WAYPOINT0,0.3837,True,0.2302,,,,,0.0,0.0,0.0,0.0
R0005,WAYPOINT1,text,,cat,q1,inference,He kept the cat because he saw how sad the cat was when it was wet and shaking.,18,0.2,0.0,0.0333,0.5,0.0,1.0,0.0,1.0,0.1367,0.598,0.9364,0.8358,0.7074,0.9364,0.1006,WAYPOINT1,0.5123,True,0.3621,,,,,,,,
R0005,WAYPOINT1,text,,cat,q2,metacognitive,The text says 'The red headed boy saw how sad the cat was. He walked over to it.',18,0.2,0.0,0.0,0.75,0.0,1.0,1.0,1.0,0.1625,0.473,0.7123,0.3677,0.5754,0.7123,0.1368,WAYPOINT1,0.4971,True,0.3633,,,,,,,,
R0005,WAYPOINT1,text,,cat,q3,inference,You can take a dirty cat to your house if the other boys are being mean to it.,18,0.6,0.0,0.0,0.25,0.0,0.0,1.0,0.0,0.1875,0.5022,0.6302,0.546,0.6172,0.6302,0.013,,0.5189,True,0.3863,,,,,,,,
R0005,WAYPOINT1,text,,cat,q4,metacognitive,"Because the story says the boys were laughing at the cat in the rain, so Bruno took him to his new home.",22,0.8,0.2,0.5,0.25,0.0,0.0,1.0,0.0,0.4625,0.3749,0.8809,0.4007,0.7415,0.8809,0.1394,WAYPOINT1,0.5431,True,0.5109,,,,,,,,
R0005,WAYPOINT1,text,,lying,q1,inference,Because Rachel whispered to her to not tell on her.,10,0.4,0.0,0.1333,0.0,,,,,0.1467,0.6421,0.8278,0.6483,0.71,0.8278,0.1178,WAYPOINT1,0.5014,True,0.3595,0.0,0.0,0.0,0.0,,,,
R0005,WAYPOINT1,text,,lying,q2,metacognitive,I know because the story says Rachel said 'Don't tell on me. I'm your best friend'.,16,0.6,0.2,0.1333,0.25,,,,,0.2842,0.406,0.8244,0.6842,0.7459,0.8244,0.0786,WAYPOINT1,0.5551,True,0.4467,0.0,1.0,0.0,0.0,,,,
R0005,WAYPOINT1,text,,lying,q3,inference,Don't tell the teacher when your friend is copying answers.,10,0.2,0.0,0.0,0.0,,,,,0.05,0.4198,0.642,0.5529,0.5645,0.642,0.0775,,0.5264,True,0.3358,0.0,0.0,0.0,0.0,,,,
R0005,WAYPOINT1,text,,lying,q4,metacognitive,Because Sarah just said 'Nothing is going on Ms. Craig' and continued taking her test.,15,0.6,0.0,0.1,0.25,,,,,0.2225,0.4325,0.6583,0.4594,0.6064,0.6583,0.0519,WAYPOINT1,0.5249,True,0.4039,1.0,0.0,0.0,0.0,,,,
R0005,WAYPOINT1,text,,stealing,q1,inference,Because Billy wanted to use the $300 to buy the beautiful bike.,12,0.6,0.0,0.2,0.25,,,,,0.2575,0.4932,0.8034,0.7145,0.7207,0.8034,0.0827,WAYPOINT1,0.5362,True,0.4247,,,,,0.0,0.0,0.0,1.0
R0005,WAYPOINT1,text,,stealing,q2,metacognitive,"Because in the story Billy says 'With that money, I could buy that red bike!'",15,0.4,0.0,0.0667,0.0,,,,,0.1233,0.3421,0.8733,0.4849,0.7316,0.8733,0.1417,WAYPOINT1,0.5535,True,0.3814,,,,,0.0,0.0,0.0,0.0
R0005,WAYPOINT1,text,,stealing,q3,inference,Don't forget your wallet on the table when you go get ice cream.,13,0.2,0.25,0.0,0.0,,,,,0.1125,0.5482,0.4957,0.4467,0.4033,0.5482,0.0524,,0.4574,True,0.3194,,,,,0.0,0.0,0.0,0.0
R0005,WAYPOINT1,text,,stealing,q4,metacognitive,Because the lady left her wallet at the table and Billy grabbed it when she left.,16,0.8,0.0,0.1333,0.0,,,,,0.2467,0.4649,0.8505,0.5067,0.6444,0.8505,0.2061,WAYPOINT1,0.5131,True,0.4065,,,,,0.0,0.0,0.0,0.0
R0006,WAYPOINT1,text,,cat,q1,inference,"Because he saw that the cat was wet, cold, and sad.",11,0.2,0.0,0.0667,0.5,0.0,1.0,0.0,1.0,0.1483,0.5983,0.7928,0.6877,0.6431,0.7928,0.1051,WAYPOINT1,0.5018,True,0.3604,,,,,,,,
R0006,WAYPOINT1,text,,cat,q2,metacognitive,The story says he saw how sad the cat was and then he bent down and pet it.,18,0.2,0.0,0.0,0.5,0.0,1.0,0.0,1.0,0.125,0.4722,0.9151,0.4294,0.6039,0.9151,0.3112,WAYPOINT1,0.4938,True,0.3463,,,,,,,,
R0006,WAYPOINT1,text,,cat,q3,inference,You can be nice to sad cats.,7,0.0,0.0,0.0,0.5,0.0,0.0,1.0,1.0,0.075,0.5386,0.5865,0.4375,0.5475,0.5865,0.039,,0.4903,True,0.3242,,,,,,,,
R0006,WAYPOINT1,text,,cat,q4,metacognitive,Because Bruno saw how sad the cat was in the rain and decided to take it to his home anyway.,20,0.6,0.2,0.2667,0.75,0.0,1.0,1.0,1.0,0.4058,0.3913,0.9104,0.431,0.7614,0.9104,0.1491,WAYPOINT1,0.5422,True,0.4876,,,,,,,,
R0006,WAYPOINT1,text,,lying,q1,inference,Because Rachel told her to be quiet and not tell on her.,12,0.2,0.0,0.0667,0.0,,,,,0.0733,0.652,0.8028,0.6591,0.7163,0.8028,0.0865,WAYPOINT1,0.5029,True,0.3311,0.0,0.0,0.0,0.0,,,,
R0006,WAYPOINT1,text,,lying,q2,metacognitive,Because Rachel whispered to her 'Don't tell on me. I'm your best friend'.,13,0.6,0.2,0.2667,0.25,,,,,0.3308,0.4342,0.7857,0.6873,0.7406,0.7857,0.0451,,0.5517,True,0.4633,0.0,1.0,0.0,0.0,,,,
R0006,WAYPOINT1,text,,lying,q3,inference,Don't copy other students' answers when you take a test.,10,0.2,0.0,0.0,0.0,,,,,0.05,0.4146,0.6895,0.4281,0.4579,0.6895,0.2316,WAYPOINT1,0.489,True,0.3134,0.0,0.0,0.0,0.0,,,,
R0006,WAYPOINT1,text,,lying,q4,metacognitive,Because Rachel didn't study and then she just looked over the shoulder of the kid in front of her to copy his answers.,23,0.4,0.0,0.1333,0.0,,,,,0.1467,0.4264,0.8796,0.4215,0.5601,0.8796,0.3195,WAYPOINT1,0.4958,True,0.3562,0.0,0.0,0.0,0.0,,,,
R0006,WAYPOINT1,text,,stealing,q1,inference,Because it had $300 inside of it and he wanted the red bike.,13,0.4,0.0,0.1333,0.25,,,,,0.1842,0.5998,0.7804,0.7271,0.6457,0.7804,0.0533,WAYPOINT1,0.5051,True,0.3767,,,,,0.0,0.0,0.0,1.0
R0006,WAYPOINT1,text,,stealing,q2,metacognitive,Because he opened it and said that with that money he could buy that red bike.,16,0.4,0.0,0.0667,0.0,,,,,0.1233,0.3782,0.7455,0.4675,0.6185,0.7455,0.1271,WAYPOINT1,0.5334,True,0.3694,,,,,0.0,0.0,0.0,0.0
R0006,WAYPOINT1,text,,stealing,q3,inference,Don't grab a lady's wallet if she leaves it at a table.,12,0.4,0.0,0.0,0.0,,,,,0.1,0.3436,0.5789,0.4933,0.4564,0.5789,0.0856,,0.5225,True,0.3535,,,,,0.0,0.0,0.0,0.0
R0006,WAYPOINT1,text,,stealing,q4,metacognitive,Because the lady forgot her wallet and Billy just grabbed it and then said he didn't know where it was.,20,0.6,0.0,0.1,0.25,,,,,0.2225,0.4482,0.9124,0.4956,0.6649,0.9124,0.2475,WAYPOINT1,0.5154,True,0.3982,,,,,1.0,0.0,0.0,0.0
R0007,WAYPOINT1,comic,,cat,q1,inference,Because he saw how sad the cat was in the rain and he wanted to give it a new home.,20,0.4,0.2,0.2,0.75,0.0,1.0,1.0,1.0,0.3325,0.597,0.8521,0.7385,0.6848,0.8521,0.1136,WAYPOINT1,0.5087,True,0.4382,,,,,,,,
R0007,WAYPOINT1,comic,,cat,q2,metacognitive,"The box at the top says he saw how sad the cat was, and then his speech bubble says he is taking it to his home.",26,0.0,0.0,0.0,0.75,0.0,1.0,1.0,1.0,0.1125,0.5378,0.6835,0.3885,0.54,0.6835,0.1435,WAYPOINT1,0.4776,True,0.3316,,,,,,,,
R0007,WAYPOINT1,comic,,cat,q3,inference,You can pet a cat and take it home even if your friends say they won't play basketball with you.,20,0.4,0.0,0.0,0.25,1.0,0.0,0.0,0.0,0.1375,0.5326,0.547,0.4799,0.5459,0.547,0.0011,,0.4978,True,0.3537,,,,,,,,
R0007,WAYPOINT1,comic,,cat,q4,metacognitive,"Because the kids told him they wouldn't play with him if he touched the dirty cat, but he bent down and did it anyways.",24,0.2,0.2,0.0667,0.0,0.0,0.0,0.0,0.0,0.1233,0.4404,0.6776,0.4997,0.57,0.6776,0.1076,WAYPOINT1,0.5161,True,0.359,,,,,,,,
R0007,WAYPOINT1,comic,,lying,q1,inference,Because Rachel told her to shhhhh and said 'I'm your best friend'.,12,0.4,0.2,0.2,0.25,,,,,0.2575,0.5584,0.7989,0.6527,0.7066,0.7989,0.0922,WAYPOINT1,0.5183,True,0.414,0.0,1.0,0.0,0.0,,,,
R0007,WAYPOINT1,comic,,lying,q2,metacognitive,I read it right in the text bubble where Rachel whispers to Sarah after she saw her copying.,18,0.4,0.2,0.1,0.25,,,,,0.2225,0.3962,0.7565,0.4743,0.6371,0.7565,0.1194,WAYPOINT1,0.5324,True,0.4084,0.0,0.0,1.0,0.0,,,,
R0007,WAYPOINT1,comic,,lying,q3,inference,Don't look at someone else's test when the teacher says no cheating.,12,0.2,0.0,0.0,0.0,,,,,0.05,0.4474,0.7443,0.4801,0.5145,0.7443,0.2297,WAYPOINT1,0.4952,True,0.3171,0.0,0.0,0.0,0.0,,,,
R0007,WAYPOINT1,comic,,lying,q4,metacognitive,The teacher wrote no cheating on the board but Rachel still copied the boy's answers in front of her.,19,0.0,0.0,0.0,0.0,,,,,0.0,0.4066,0.7632,0.4753,0.6044,0.7632,0.1587,WAYPOINT1,0.5226,True,0.3136,0.0,0.0,0.0,0.0,,,,
R0007,WAYPOINT1,comic,,stealing,q1,inference,He kept it because he saw there was $300 inside and he wanted to buy the new red bike.,19,0.4,0.0,0.1333,0.5,,,,,0.2217,0.501,0.8583,0.7835,0.6676,0.8583,0.0748,WAYPOINT1,0.5252,True,0.4038,,,,,1.0,0.0,0.0,1.0
R0007,WAYPOINT1,comic,,stealing,q2,metacognitive,"The comic shows him opening the wallet and saying 'With that money, I could buy that red bike!'.",18,0.2,0.0,0.0,0.0,,,,,0.05,0.3249,0.73,0.4213,0.6354,0.73,0.0946,WAYPOINT1,0.5492,True,0.3495,,,,,0.0,0.0,0.0,0.0
R0007,WAYPOINT1,comic,,stealing,q3,inference,You shouldn't tell a lady you don't know where her wallet is when you actually took it.,17,0.0,0.25,0.0,0.25,,,,,0.1,0.3979,0.655,0.5857,0.5494,0.655,0.0693,WAYPOINT1,0.5293,True,0.3576,,,,,1.0,0.0,0.0,0.0
R0007,WAYPOINT1,comic,,stealing,q4,metacognitive,"Because the lady came back asking if he saw her wallet and he just said 'No, I don't know where it is'.",22,0.4,0.0,0.0667,0.5,,,,,0.1983,0.447,0.7591,0.5109,0.5128,0.7591,0.2463,WAYPOINT1,0.4962,True,0.377,,,,,1.0,1.0,0.0,0.0
R0008,WAYPOINT1,comic,,cat,q1,inference,He kept the cat because he saw how sad the cat was sitting in the rain.,16,0.2,0.2,0.1333,0.5,0.0,1.0,0.0,1.0,0.2217,0.5744,0.9522,0.8184,0.7044,0.9522,0.1338,WAYPOINT1,0.514,True,0.3971,,,,,,,,
R0008,WAYPOINT1,comic,,cat,q2,metacognitive,"The story says the boy saw the cat was sad and wet, and then he said he would take him to his new home.",24,0.4,0.0,0.0,0.75,0.0,1.0,1.0,1.0,0.2125,0.475,0.798,0.3919,0.65,0.798,0.1481,WAYPOINT1,0.5086,True,0.3902,,,,,,,,
R0008,WAYPOINT1,comic,,cat,q3,inference,Don't laugh at dirty cats and call them stinky.,9,0.2,0.0,0.0,0.0,0.0,0.0,0.0,0.0,0.05,0.5217,0.5844,0.3905,0.5566,0.5844,0.0278,,0.4928,True,0.3157,,,,,,,,
R0008,WAYPOINT1,comic,,cat,q4,metacognitive,I thought of this because the kids in the comic were pointing and laughing at the cat and calling it yucky.,21,0.2,0.2,0.2,0.0,0.0,0.0,0.0,0.0,0.17,0.4276,0.5831,0.4497,0.5126,0.5831,0.0705,,0.5103,True,0.3742,,,,,,,,
R0008,WAYPOINT1,comic,,lying,q1,inference,Because Rachel told her not to tell on her.,9,0.2,0.0,0.0333,0.0,,,,,0.0617,0.6866,0.8213,0.6788,0.7169,0.8213,0.1044,WAYPOINT1,0.497,True,0.3229,0.0,0.0,0.0,0.0,,,,
R0008,WAYPOINT1,comic,,lying,q2,metacognitive,Rachel whispered to Sarah to shhh and said don't tell on me I'm your best friend.,16,0.6,0.2,0.1333,0.25,,,,,0.2842,0.3586,0.83,0.6537,0.7105,0.83,0.1195,WAYPOINT1,0.5574,True,0.4481,0.0,1.0,0.0,0.0,,,,
R0008,WAYPOINT1,comic,,lying,q3,inference,Don't copy other people's answers on a test.,8,0.2,0.0,0.0,0.25,,,,,0.0875,0.409,0.689,0.4364,0.4675,0.689,0.2215,WAYPOINT1,0.4936,True,0.3312,1.0,0.0,0.0,0.0,,,,
R0008,WAYPOINT1,comic,,lying,q4,metacognitive,The teacher wrote no cheating on the board but Rachel was copying the boy in front of her.,18,0.2,0.0,0.0,0.0,,,,,0.05,0.4031,0.7846,0.4531,0.5973,0.7846,0.1873,WAYPOINT1,0.5187,True,0.3312,0.0,0.0,0.0,0.0,,,,
R0008,WAYPOINT1,comic,,stealing,q1,inference,Because the wallet had 300 dollars in it and he wanted to buy the red bike.,16,0.4,0.0,0.1333,0.25,,,,,0.1842,0.5826,0.8076,0.6931,0.6821,0.8076,0.1145,WAYPOINT1,0.5111,True,0.3803,,,,,0.0,0.0,0.0,1.0
R0008,WAYPOINT1,comic,,stealing,q2,metacognitive,In the picture he opens the wallet and says with that money he could buy that red bike.,18,0.2,0.0,0.0,0.0,,,,,0.05,0.3396,0.7483,0.423,0.5902,0.7483,0.1581,WAYPOINT1,0.5338,True,0.3403,,,,,0.0,0.0,0.0,0.0
R0008,WAYPOINT1,comic,,stealing,q3,inference,You shouldn't keep a lady's wallet and tell her you don't know where it is.,15,0.2,0.0,0.0,0.0,,,,,0.05,0.397,0.6413,0.5529,0.5181,0.6413,0.0883,,0.5217,True,0.333,,,,,0.0,0.0,0.0,0.0
R0008,WAYPOINT1,comic,,stealing,q4,metacognitive,Because Billy told the lady he didn't know where it was even though he just grabbed it.,17,0.4,0.0,0.0667,0.25,,,,,0.1608,0.4826,0.8822,0.5056,0.6657,0.8822,0.2165,WAYPOINT1,0.5113,True,0.3711,,,,,1.0,0.0,0.0,0.0
R0009,WAYPOINT2,comic,,cat,q1,inference,Because he felt lonely and wanted a pet to keep him company.,12,0.2,0.2,0.1333,0.5,0.0,1.0,1.0,0.0,0.2217,0.5272,0.6194,0.5779,0.5246,0.6194,0.0415,,0.4964,True,0.3865,,,,,,,,
R0009,WAYPOINT2,comic,,cat,q2,metacognitive,Animals make really good friends when you are sad or feeling left out by other kids.,16,0.0,0.2,0.0,0.0,0.0,0.0,0.0,0.0,0.05,0.3687,0.5182,0.4778,0.5526,0.5526,0.0343,,0.5444,True,0.3466,,,,,,,,
R0009,WAYPOINT2,comic,,cat,q3,inference,Be nice to animals.,4,0.0,0.0,0.0,0.5,0.0,0.0,1.0,1.0,0.075,0.4644,0.6842,0.5104,0.5241,0.6842,0.1601,WAYPOINT1,0.5004,True,0.3302,,,,,,,,
R0009,WAYPOINT2,comic,,cat,q4,metacognitive,Pets need a good home and you shouldn't bully animals just because they are dirty from being outside.,18,0.4,0.4,0.1333,0.0,0.0,0.0,0.0,0.0,0.2467,0.3706,0.5816,0.5481,0.5409,0.5816,0.0335,,0.539,True,0.4221,,,,,,,,
R0009,WAYPOINT2,comic,,lying,q1,inference,Because you aren't supposed to snitch on your friends.,9,0.0,0.0,0.0,0.0,,,,,0.0,0.6182,0.6624,0.727,0.6338,0.727,0.0646,WAYPOINT2,0.507,True,0.3042,0.0,0.0,0.0,0.0,,,,
R0009,WAYPOINT2,comic,,lying,q2,metacognitive,If you tell on your best friend they will get mad at you and won't be your friend anymore.,19,0.2,0.4,0.0,0.75,,,,,0.2625,0.3286,0.5267,0.7914,0.6147,0.7914,0.1767,WAYPOINT2,0.5828,True,0.4547,1.0,1.0,0.0,1.0,,,,
R0009,WAYPOINT2,comic,,lying,q3,inference,Don't cheat on tests.,4,0.0,0.0,0.0,0.0,,,,,0.0,0.4677,0.7954,0.4844,0.5124,0.7954,0.283,WAYPOINT1,0.487,True,0.2922,0.0,0.0,0.0,0.0,,,,
R0009,WAYPOINT2,comic,,lying,q4,metacognitive,Cheating never gets you anywhere and it's unfair to the kids who actually studied hard.,15,0.2,0.4,0.1,0.25,,,,,0.2225,0.424,0.5802,0.5047,0.4343,0.5802,0.0755,,0.4962,True,0.3867,1.0,0.0,0.0,0.0,,,,
R0009,WAYPOINT2,comic,,stealing,q1,inference,He wanted the money to buy something he really wanted.,10,0.0,0.0,0.0,0.25,,,,,0.0375,0.6468,0.6531,0.6555,0.6103,0.6555,0.0024,,0.493,True,0.3108,,,,,0.0,0.0,0.0,1.0
R0009,WAYPOINT2,comic,,stealing,q2,metacognitive,"Because when people find money and don't return it, it's usually because they are greedy and want to buy stuff for themselves.",22,0.0,0.25,0.0833,0.25,,,,,0.1292,0.3712,0.5795,0.5413,0.5494,0.5795,0.0301,,0.5405,True,0.376,,,,,0.0,0.0,0.0,1.0
R0009,WAYPOINT2,comic,,stealing,q3,inference,Stealing is bad and makes you a liar.,8,0.0,0.25,0.0,0.0,,,,,0.0625,0.3866,0.7315,0.6291,0.5801,0.7315,0.1025,WAYPOINT1,0.5342,True,0.3455,,,,,0.0,0.0,0.0,0.0
R0009,WAYPOINT2,comic,,stealing,q4,metacognitive,"Because you shouldn't take things that don't belong to you, it's just wrong to steal from people.",17,0.0,0.25,0.0417,0.5,,,,,0.1521,0.4239,0.5494,0.7278,0.6297,0.7278,0.0981,WAYPOINT2,0.5569,True,0.395,,,,,1.0,0.0,1.0,0.0
R0010,WAYPOINT2,text,,cat,q1,inference,He wanted a pet to keep him company and make him feel better since he was feeling lonely.,18,0.2,0.0,0.0667,0.5,0.0,0.0,1.0,1.0,0.1483,0.4847,0.6387,0.6076,0.5432,0.6387,0.0312,,0.5106,True,0.3657,,,,,,,,
R0010,WAYPOINT2,text,,cat,q2,metacognitive,Animals are really good at comforting people when they are sad or having a hard time with other kids.,19,0.0,0.2,0.0,0.0,0.0,0.0,0.0,0.0,0.05,0.3931,0.5234,0.4643,0.5057,0.5234,0.0177,,0.5246,True,0.3348,,,,,,,,
R0010,WAYPOINT2,text,,cat,q3,inference,You shouldn't care about what mean kids think and just be yourself.,12,0.0,0.4,0.0,0.25,0.0,0.0,1.0,0.0,0.1375,0.3981,0.473,0.5975,0.5015,0.5975,0.096,,0.5368,True,0.3771,,,,,,,,
R0010,WAYPOINT2,text,,cat,q4,metacognitive,"Bullies always try to make you feel bad to look cool, but it's better to just ignore them and do what makes you happy.",24,0.0,0.4,0.0,0.25,0.0,0.0,1.0,0.0,0.1375,0.4976,0.484,0.6696,0.473,0.6696,0.1721,WAYPOINT2,0.5088,True,0.3603,,,,,,,,
R0010,WAYPOINT2,text,,lying,q1,inference,Because you aren't supposed to snitch on your friends or they will get mad at you and stop hanging out with you.,22,0.0,0.2,0.0333,0.0,,,,,0.0617,0.5855,0.6399,0.6966,0.6232,0.6966,0.0567,WAYPOINT2,0.5111,True,0.3313,0.0,0.0,0.0,0.0,,,,
R0010,WAYPOINT2,text,,lying,q2,metacognitive,"That's just the rule in middle school, you always protect your best friends no matter what they do.",18,0.2,0.2,0.0667,0.5,,,,,0.1983,0.3624,0.5263,0.69,0.6236,0.69,0.0664,WAYPOINT2,0.5717,True,0.4223,0.0,1.0,0.0,1.0,,,,
R0010,WAYPOINT2,text,,lying,q3,inference,You shouldn't cheat on school tests because it's wrong.,9,0.2,0.2,0.0667,0.5,,,,,0.1983,0.4547,0.7538,0.4816,0.5151,0.7538,0.2387,WAYPOINT1,0.4931,True,0.3752,1.0,0.0,1.0,0.0,,,,
R0010,WAYPOINT2,text,,lying,q4,metacognitive,Because in real life cheaters never prosper and it's better to just do your own work.,16,0.0,0.0,0.0,0.0,,,,,0.0,0.3619,0.504,0.4775,0.4472,0.504,0.0265,,0.5214,True,0.3128,0.0,0.0,0.0,0.0,,,,
R0010,WAYPOINT2,text,,stealing,q1,inference,"Because he really wanted to buy something expensive and didn't have his own money for it, so he just took hers.",21,0.0,0.25,0.125,0.5,,,,,0.1812,0.5772,0.5652,0.5846,0.5897,0.5897,0.005,,0.5041,True,0.3749,,,,,1.0,0.0,0.0,1.0
R0010,WAYPOINT2,text,,stealing,q2,metacognitive,Usually when kids steal money it's because they want to buy stuff their parents won't get them.,17,0.0,0.25,0.0833,0.25,,,,,0.1292,0.3353,0.5535,0.5131,0.588,0.588,0.0346,,0.5601,True,0.3877,,,,,0.0,0.0,0.0,1.0
R0010,WAYPOINT2,text,,stealing,q3,inference,Stealing is bad even if you really want something.,9,0.0,0.25,0.0,0.25,,,,,0.1,0.4114,0.7493,0.653,0.6191,0.7493,0.0962,WAYPOINT1,0.5361,True,0.3617,,,,,0.0,0.0,0.0,1.0
R0010,WAYPOINT2,text,,stealing,q4,metacognitive,Taking people's wallets and lying about it is just a bad thing to do in life.,16,0.0,0.5,0.0833,0.5,,,,,0.2292,0.3645,0.6602,0.603,0.5942,0.6602,0.0572,WAYPOINT1,0.5474,True,0.4201,,,,,1.0,1.0,0.0,0.0
R0011,WAYPOINT2,text,,cat,q1,inference,Because pets make you feel better when other people are being mean to you.,14,0.2,0.0,0.0333,0.25,0.0,0.0,1.0,0.0,0.0992,0.6043,0.5564,0.6103,0.5212,0.6103,0.006,,0.4858,True,0.3312,,,,,,,,
R0011,WAYPOINT2,text,,cat,q2,metacognitive,Animals are usually super loyal and will comfort you when you are having a bad day.,16,0.0,0.0,0.0,0.25,1.0,0.0,0.0,0.0,0.0375,0.4628,0.5337,0.4662,0.4628,0.5337,0.0675,,0.4942,True,0.3115,,,,,,,,
R0011,WAYPOINT2,text,,cat,q3,inference,"Real friends are the ones who care about you, not the ones who act like jerks and judge you.",19,0.2,0.2,0.0,0.0,0.0,0.0,0.0,0.0,0.1,0.3306,0.4409,0.5006,0.5068,0.5068,0.0062,,0.5551,True,0.3731,,,,,,,,
R0011,WAYPOINT2,text,,cat,q4,metacognitive,Because you shouldn't hang out with toxic people who just want to bully others.,14,0.0,0.2,0.0333,0.25,0.0,0.0,1.0,0.0,0.0992,0.4158,0.4101,0.6023,0.3966,0.6023,0.1864,,0.5123,True,0.3471,,,,,,,,
R0011,WAYPOINT2,text,,lying,q1,inference,Because you aren't supposed to snitch on your friends.,9,0.0,0.0,0.0,0.0,,,,,0.0,0.6182,0.6624,0.727,0.6338,0.727,0.0646,WAYPOINT2,0.507,True,0.3042,0.0,0.0,0.0,0.0,,,,
R0011,WAYPOINT2,text,,lying,q2,metacognitive,If you tell on your best friend they will get mad at you and probably won't want to hang out with you anymore.,23,0.2,0.6,0.0,0.75,,,,,0.3125,0.3148,0.5018,0.786,0.5964,0.786,0.1895,WAYPOINT2,0.5856,True,0.4764,1.0,1.0,0.0,1.0,,,,
R0011,WAYPOINT2,text,,lying,q3,inference,Don't cheat on your school work because it isn't fair to others.,12,0.0,0.0,0.0,0.0,,,,,0.0,0.468,0.7461,0.546,0.54,0.7461,0.2001,WAYPOINT1,0.5011,True,0.3007,0.0,0.0,0.0,0.0,,,,
R0011,WAYPOINT2,text,,lying,q4,metacognitive,Teachers always say that cheating is wrong and you can get in a lot of trouble for it.,18,0.2,0.4,0.1,0.25,,,,,0.2225,0.4177,0.5616,0.5049,0.4317,0.5616,0.0567,,0.4987,True,0.3882,0.0,0.0,1.0,0.0,,,,
R0011,WAYPOINT2,text,,stealing,q1,inference,He was being selfish and wanted the money to buy things he really wanted.,14,0.0,0.0,0.0,0.25,,,,,0.0375,0.6048,0.5847,0.6195,0.575,0.6195,0.0148,,0.4962,True,0.3127,,,,,0.0,0.0,0.0,1.0
R0011,WAYPOINT2,text,,stealing,q2,metacognitive,"Because when kids want expensive stuff that their parents won't buy them, they sometimes do bad things to get the money.",21,0.0,0.5,0.1667,0.25,,,,,0.2208,0.4074,0.5375,0.5854,0.607,0.607,0.0216,,0.5504,True,0.4186,,,,,0.0,0.0,0.0,1.0
R0011,WAYPOINT2,text,,stealing,q3,inference,Stealing is wrong and you shouldn't take other people's stuff just because you are jealous.,15,0.0,0.25,0.0417,0.75,,,,,0.1896,0.429,0.7719,0.6485,0.572,0.7719,0.1235,WAYPOINT1,0.521,True,0.3884,,,,,1.0,0.0,1.0,1.0
R0011,WAYPOINT2,text,,stealing,q4,metacognitive,"That's what my parents always taught me, that you have to work for your own money.",16,0.0,0.0,0.0,0.0,,,,,0.0,0.4116,0.3972,0.4702,0.4377,0.4702,0.0326,,0.5147,True,0.3088,,,,,0.0,0.0,0.0,0.0
R0012,WAYPOINT2,comic,,cat,q1,inference,He was feeling lonely and wanted a pet to be his friend.,12,0.2,0.2,0.0667,0.5,0.0,0.0,1.0,1.0,0.1983,0.4658,0.6059,0.5772,0.5414,0.6059,0.0287,,0.5151,True,0.3884,,,,,,,,
R0012,WAYPOINT2,comic,,cat,q2,metacognitive,Animals always comfort you when you're feeling sad or down.,10,0.0,0.0,0.0,0.0,0.0,0.0,0.0,0.0,0.0,0.4653,0.541,0.4507,0.4689,0.541,0.072,,0.4931,True,0.2959,,,,,,,,
R0012,WAYPOINT2,comic,,cat,q3,inference,You should always be kind to animals even if other people are making fun of them.,16,0.0,0.2,0.0,0.75,1.0,0.0,1.0,1.0,0.1625,0.4249,0.7079,0.6519,0.6088,0.7079,0.056,WAYPOINT1,0.5345,True,0.3857,,,,,,,,
R0012,WAYPOINT2,comic,,cat,q4,metacognitive,"Bullying animals is mean, and it's always the right thing to stand up for pets.",15,0.0,0.4,0.0,0.25,0.0,0.0,1.0,0.0,0.1375,0.3524,0.5245,0.6297,0.5229,0.6297,0.1053,,0.5507,True,0.3854,,,,,,,,
R0012,WAYPOINT2,comic,,lying,q1,inference,Friends always stick together and don't snitch on each other.,10,0.0,0.0,0.0,0.25,,,,,0.0375,0.5043,0.6458,0.6832,0.5943,0.6832,0.0374,,0.5211,True,0.3277,0.0,0.0,0.0,1.0,,,,
R0012,WAYPOINT2,comic,,lying,q2,metacognitive,"If you tell a teacher on your best friend, they will get mad and won't be your friend anymore.",19,0.2,0.4,0.0,0.75,,,,,0.2625,0.3277,0.5311,0.697,0.5772,0.697,0.1199,WAYPOINT2,0.5715,True,0.4479,1.0,1.0,0.0,1.0,,,,
R0012,WAYPOINT2,comic,,lying,q3,inference,Cheating is bad and you shouldn't let your friends cheat.,10,0.2,0.2,0.0,0.25,,,,,0.1375,0.4118,0.6511,0.5892,0.6408,0.6511,0.0104,,0.5454,True,0.3822,0.0,0.0,0.0,1.0,,,,
R0012,WAYPOINT2,comic,,lying,q4,metacognitive,You learn in school that cheating is against the rules and you can get in big trouble for it.,19,0.2,0.2,0.0667,0.0,,,,,0.1233,0.3649,0.5302,0.4966,0.4616,0.5302,0.0337,,0.5231,True,0.3632,0.0,0.0,0.0,0.0,,,,
R0012,WAYPOINT2,comic,,stealing,q1,inference,He really wanted to buy something expensive that his parents wouldn't get him.,13,0.0,0.25,0.0417,0.25,,,,,0.1146,0.5645,0.7004,0.6698,0.5883,0.7004,0.0306,,0.5027,True,0.3475,,,,,0.0,0.0,0.0,1.0
R0012,WAYPOINT2,comic,,stealing,q2,metacognitive,"When kids want cool stuff really bad, sometimes they are tempted to take money if they find it.",18,0.0,0.5,0.1667,0.25,,,,,0.2208,0.3887,0.6304,0.5655,0.5974,0.6304,0.033,,0.5429,True,0.4141,,,,,0.0,0.0,0.0,1.0
R0012,WAYPOINT2,comic,,stealing,q3,inference,You shouldn't steal things just because you want something nice.,10,0.0,0.25,0.0417,0.5,,,,,0.1521,0.4242,0.7757,0.6637,0.5613,0.7757,0.112,WAYPOINT1,0.5206,True,0.3732,,,,,1.0,0.0,0.0,1.0
R0012,WAYPOINT2,comic,,stealing,q4,metacognitive,Taking someone else's money is a crime and everybody knows stealing is wrong.,13,0.0,0.25,0.0,0.25,,,,,0.1,0.38,0.5222,0.6797,0.5544,0.6797,0.1253,WAYPOINT2,0.5531,True,0.3719,,,,,0.0,0.0,1.0,0.0
R0013,WAYPOINT3,text,,cat,q1,inference,He kept the cat because he knew what it felt like to be made fun of by those kids and the cat was actually there for him.,27,0.0,0.2,0.0667,0.75,0.0,1.0,1.0,1.0,0.1858,0.5733,0.7944,0.8319,0.7476,0.8319,0.0376,,0.5317,True,0.3933,,,,,,,,
R0013,WAYPOINT3,text,,cat,q2,metacognitive,"The story says the boys were laughing at both of them and calling them dirty. Usually when people go through a hard time or get bullied together, they form a bond, so he saw the cat as a real friend instead of just a stray.",45,0.6,0.2,0.2667,0.25,0.0,1.0,0.0,0.0,0.3308,0.4743,0.7631,0.5724,0.7256,0.7631,0.0375,,0.537,True,0.4545,,,,,,,,
R0013,WAYPOINT3,text,,cat,q3,inference,You should care more about true friends than trying to fit in with mean people.,15,0.0,0.6,0.1,0.5,1.0,0.0,1.0,0.0,0.26,0.3819,0.4923,0.6296,0.543,0.6296,0.0866,,0.5505,True,0.4343,,,,,,,,
R0013,WAYPOINT3,text,,cat,q4,metacognitive,"The boys in the story were bullying Bruno and the cat, but Bruno chose the cat over playing basketball. In real life, you shouldn't hang out with toxic people just to look cool, it's better to stick with who really cares about you.",43,0.8,0.4,0.2,0.25,0.0,0.0,1.0,0.0,0.4075,0.3844,0.7887,0.5553,0.7915,0.7915,0.0028,,0.5654,True,0.5022,,,,,,,,
R0013,WAYPOINT3,text,,lying,q1,inference,Sarah stayed quiet because she didn't want to ruin her friendship with Rachel or get her in major trouble with the teacher.,22,0.2,0.2,0.1333,0.0,,,,,0.1467,0.5782,0.8452,0.8053,0.8422,0.8452,0.003,,0.5408,True,0.3832,0.0,0.0,0.0,0.0,,,,
R0013,WAYPOINT3,text,,lying,q2,metacognitive,"The story mentions they've been best friends since they were toddlers. Usually, people value their long-term friendships over following school rules, so she lied to Ms. Craig to protect her friend.",31,0.6,0.4,0.5,0.5,,,,,0.5,0.3914,0.6378,0.7121,0.7792,0.7792,0.067,WAYPOINT3,0.5818,True,0.5491,0.0,1.0,0.0,1.0,,,,
R0013,WAYPOINT3,text,,lying,q3,inference,Loyalty to your friends can sometimes pressure you into doing the wrong thing.,13,0.0,0.4,0.0667,0.5,,,,,0.1983,0.3586,0.4987,0.6952,0.6791,0.6952,0.0161,,0.5865,True,0.4312,0.0,0.0,1.0,1.0,,,,
R0013,WAYPOINT3,text,,lying,q4,metacognitive,"Rachel guilt tripped Sarah by saying 'I'm your best friend' while she was copying answers. In middle school, peer pressure is huge and it's extremely hard to snitch on someone you care about, even if you know cheating is bad.",40,0.6,0.8,0.2333,1.0,,,,,0.5817,0.3917,0.668,0.616,0.7063,0.7063,0.0382,,0.5624,True,0.5701,1.0,1.0,1.0,1.0,,,,
R0013,WAYPOINT3,text,,stealing,q1,inference,"Billy kept the wallet because it had the exact $300 he needed for the new bike he wanted, since his dad already told him no.",25,0.8,0.0,0.2667,0.25,,,,,0.3308,0.4762,0.8963,0.832,0.8703,0.8963,0.026,,0.5606,True,0.4687,,,,,0.0,0.0,0.0,1.0
R0013,WAYPOINT3,text,,stealing,q2,metacognitive,"The text says his parents refused to buy the expensive bike so he felt mad. When kids let their negative emotions take over and see an easy way out, they can act greedy and steal things that don't belong to them.",41,0.2,0.5,0.1167,0.5,,,,,0.2908,0.3382,0.5935,0.5502,0.6929,0.6929,0.0994,WAYPOINT3,0.5782,True,0.4632,,,,,1.0,0.0,0.0,1.0
R0013,WAYPOINT3,text,,stealing,q3,inference,Being greedy and angry can make you do bad things to innocent people.,13,0.0,0.5,0.0833,0.25,,,,,0.1917,0.4146,0.5553,0.637,0.6078,0.637,0.0292,,0.5498,True,0.4066,,,,,0.0,0.0,0.0,1.0
R0013,WAYPOINT3,text,,stealing,q4,metacognitive,"Billy lied right to the lady's face about having her wallet just to get a bike. Whenever you are too focused on material things in the real world, you can easily lose your morals and take advantage of others.",39,0.4,0.5,0.15,0.5,,,,,0.3525,0.3841,0.7785,0.6089,0.7473,0.7785,0.0312,,0.5609,True,0.4775,,,,,1.0,0.0,1.0,0.0
R0014,WAYPOINT3,text,,cat,q1,inference,"He kept the cat because he realized the cat actually cared about him when he was sad, while his human friends were just being toxic.",25,0.2,0.0,0.0333,0.25,0.0,0.0,0.0,1.0,0.0992,0.5741,0.7534,0.8304,0.7063,0.8304,0.0769,WAYPOINT2,0.5275,True,0.3562,,,,,,,,
R0014,WAYPOINT3,text,,cat,q2,metacognitive,"The text says the cat tried to comfort him when he was crying, and Bruno calls it a 'real friend'. I know from life that someone who is there for you when you cry is a better friend than guys who just laugh at you.",45,0.4,0.2,0.1,0.5,0.0,0.0,1.0,1.0,0.26,0.5007,0.7459,0.5985,0.7173,0.7459,0.0286,,0.5327,True,0.4236,,,,,,,,
R0014,WAYPOINT3,text,,cat,q3,inference,You should choose true friends over trying to be popular with mean people.,13,0.0,0.4,0.0,0.5,1.0,0.0,1.0,0.0,0.175,0.3573,0.482,0.6468,0.5402,0.6468,0.1066,,0.5587,True,0.4052,,,,,,,,
R0014,WAYPOINT3,text,,cat,q4,metacognitive,In the story Bruno pets the cat and takes it home even though the boys say he can't play basketball anymore. It reminds me that doing the right thing and being loyal is better than fitting in with bullies.,39,0.4,0.4,0.2667,0.5,1.0,0.0,1.0,0.0,0.3683,0.4061,0.8139,0.5419,0.7981,0.8139,0.0159,,0.5589,True,0.4827,,,,,,,,
R0014,WAYPOINT3,text,,lying,q1,inference,"Sarah didn't say anything because Rachel has been her best friend since they were toddlers, and she didn't want to get her in trouble or ruin their friendship.",28,0.4,0.2,0.2,0.25,,,,,0.2575,0.5807,0.9061,0.8565,0.869,0.9061,0.0372,,0.5423,True,0.4284,0.0,1.0,0.0,0.0,,,,
R0014,WAYPOINT3,text,,lying,q2,metacognitive,"Rachel whispered 'I'm your best friend' to remind her of their bond. In middle school, snitching on your best friend is usually seen as a huge betrayal and causes a ton of drama.",33,0.4,0.2,0.2,0.5,,,,,0.295,0.3458,0.7154,0.68,0.6786,0.7154,0.0354,,0.5663,True,0.4578,1.0,1.0,0.0,0.0,,,,
R0014,WAYPOINT3,text,,lying,q3,inference,Sometimes peer pressure can make you do bad things like lying to a teacher to cover up for someone else.,20,0.0,0.4,0.0667,0.25,,,,,0.1608,0.402,0.5971,0.6514,0.6152,0.6514,0.0362,,0.5511,True,0.395,0.0,0.0,0.0,1.0,,,,
R0014,WAYPOINT3,text,,lying,q4,metacognitive,"Sarah is a good student who studied, but she lied to Ms. Craig to protect Rachel. It shows how having friends who make bad choices can drag you down and force you to be dishonest too.",36,0.2,0.2,0.0667,0.25,,,,,0.1608,0.3935,0.6641,0.6015,0.7945,0.7945,0.1304,WAYPOINT3,0.5775,True,0.4108,0.0,0.0,0.0,1.0,,,,
R0014,WAYPOINT3,text,,stealing,q1,inference,"He kept the wallet because he saw it had exactly $300, which was the exact amount he needed to buy the red bike since his dad said no.",28,0.6,0.0,0.2,0.25,,,,,0.2575,0.4978,0.8583,0.7343,0.7474,0.8583,0.1109,WAYPOINT1,0.5367,True,0.425,,,,,1.0,0.0,0.0,0.0
R0014,WAYPOINT3,text,,stealing,q2,metacognitive,"He sees the money and immediately says he can buy the red bike with it. When kids get rejected by their parents for something they really want, sometimes the temptation makes them do wrong things to get it anyway.",39,0.2,0.75,0.1583,0.75,,,,,0.4054,0.3242,0.6533,0.6029,0.6589,0.6589,0.0056,,0.571,True,0.5048,,,,,1.0,0.0,1.0,1.0
R0014,WAYPOINT3,text,,stealing,q3,inference,Don't let being mad or greedy make you steal from innocent people.,12,0.0,0.25,0.0,0.0,,,,,0.0625,0.4453,0.6759,0.6351,0.5844,0.6759,0.0408,,0.5268,True,0.3411,,,,,0.0,0.0,0.0,0.0
R0014,WAYPOINT3,text,,stealing,q4,metacognitive,"Billy lied right to the lady's face about her wallet just because he wanted a new bike. It shows that just because you are mad your parents said no, it doesn't give you the right to be selfish and steal.",40,0.6,0.75,0.45,0.75,,,,,0.6075,0.3875,0.7676,0.6118,0.783,0.783,0.0154,,0.5674,True,0.5834,,,,,1.0,0.0,1.0,1.0
R0015,WAYPOINT3,comic,,cat,q1,inference,He kept the cat because he felt bad for it and realized they both knew what it felt like to be bullied.,22,0.0,0.2,0.0667,0.5,0.0,1.0,1.0,0.0,0.1483,0.5774,0.8171,0.8381,0.7444,0.8381,0.021,,0.5292,True,0.3768,,,,,,,,
R0015,WAYPOINT3,comic,,cat,q2,metacognitive,"The story shows the other kids laughing at the wet cat, just like they laughed at him earlier. He probably realized true friends are better than trying to fit in with mean kids.",33,0.4,0.4,0.1333,0.5,1.0,0.0,1.0,0.0,0.3217,0.4713,0.7314,0.5716,0.7339,0.7339,0.0025,,0.5417,True,0.4537,,,,,,,,
R0015,WAYPOINT3,comic,,cat,q3,inference,You should be kind and not care about what mean people think of you.,14,0.0,0.2,0.0,0.25,0.0,0.0,0.0,1.0,0.0875,0.4432,0.5721,0.6345,0.5619,0.6345,0.0624,,0.5315,True,0.3539,,,,,,,,
R0015,WAYPOINT3,comic,,cat,q4,metacognitive,The boy almost lost a good pet because he wanted the mean kids to let him play basketball. It teaches us that showing compassion is more important than being popular.,30,0.4,0.4,0.4,0.5,0.0,1.0,1.0,0.0,0.415,0.3321,0.6206,0.5923,0.6481,0.6481,0.0274,,0.5699,True,0.5079,,,,,,,,
R0015,WAYPOINT3,comic,,lying,q1,inference,Sarah didn't tell because she was feeling pressured to protect her best friend.,13,0.4,0.4,0.1333,0.5,,,,,0.3217,0.6621,0.8634,0.8843,0.8153,0.8843,0.0209,,0.5248,True,0.4436,0.0,1.0,0.0,1.0,,,,
R0015,WAYPOINT3,comic,,lying,q2,metacognitive,"Rachel whispered 'I'm your best friend' to make Sarah stay quiet. In middle school, kids usually don't want to snitch on their friends because they don't want to lose them, even if cheating is wrong.",35,0.6,0.4,0.1667,0.5,,,,,0.3833,0.3179,0.7076,0.6781,0.6936,0.7076,0.0141,,0.5763,True,0.4991,0.0,1.0,1.0,0.0,,,,
R0015,WAYPOINT3,comic,,lying,q3,inference,You shouldn't cheat because it puts your friends in a really tough spot.,13,0.2,0.0,0.0333,0.25,,,,,0.0992,0.4167,0.6576,0.622,0.6745,0.6745,0.0169,,0.5519,True,0.3708,0.0,0.0,0.0,1.0,,,,
R0015,WAYPOINT3,comic,,lying,q4,metacognitive,"Rachel didn't study and decided to cheat, which forced Sarah to lie to the teacher. It shows that being irresponsible doesn't just hurt you, it drags your friends down too.",30,0.2,0.2,0.1333,0.25,,,,,0.1842,0.3964,0.7572,0.5539,0.7502,0.7572,0.0069,,0.5582,True,0.4086,0.0,0.0,0.0,1.0,,,,
R0015,WAYPOINT3,comic,,stealing,q1,inference,He kept it because he was being selfish and saw it had exactly the 300 dollars he needed.,18,0.2,0.0,0.0667,0.5,,,,,0.1483,0.5185,0.7747,0.7232,0.6468,0.7747,0.0515,WAYPOINT1,0.5209,True,0.3719,,,,,1.0,0.0,0.0,1.0
R0015,WAYPOINT3,comic,,stealing,q2,metacognitive,The comic shows him looking at the money and saying he can buy the red bike now. Usually when people want something really bad they might ignore their morals to get it.,32,0.4,0.5,0.15,0.25,,,,,0.315,0.3806,0.6051,0.6076,0.6456,0.6456,0.038,,0.5594,True,0.4616,,,,,0.0,0.0,0.0,1.0
R0015,WAYPOINT3,comic,,stealing,q3,inference,You shouldn't steal from people just to get something you want.,11,0.0,0.5,0.0833,0.5,,,,,0.2292,0.4239,0.7886,0.6972,0.6025,0.7886,0.0913,WAYPOINT1,0.5295,True,0.4094,,,,,1.0,0.0,0.0,1.0
R0015,WAYPOINT3,comic,,stealing,q4,metacognitive,"Billy kept the lady's 300 dollars to buy the red bike instead of giving it back. In real life, taking someone's money is a crime and ruins their day just so you can have a toy.",36,0.6,0.0,0.2,0.25,,,,,0.2575,0.3429,0.706,0.5588,0.7161,0.7161,0.0101,,0.5697,True,0.4448,,,,,1.0,0.0,0.0,0.0
R0016,WAYPOINT3,comic,,cat,q1,inference,"He kept the cat because they both got bullied by the other kids and they bonded over it. When you go through a hard time with an animal, they become your real friend and you want to protect them.",39,0.2,0.2,0.0667,0.25,0.0,0.0,1.0,0.0,0.1608,0.5848,0.7725,0.8058,0.727,0.8058,0.0332,,0.5265,True,0.3802,,,,,,,,
R0016,WAYPOINT3,comic,,cat,q2,metacognitive,"In the story, the kids laughed at the boy for petting the cat, and then laughed at the cat for being wet in the rain. I know from experience that feeling left out makes you want to stick with someone who actually cares about you.",45,0.6,0.2,0.2667,0.25,0.0,0.0,1.0,0.0,0.3308,0.4361,0.7087,0.5116,0.7493,0.7493,0.0405,,0.5514,True,0.4632,,,,,,,,
R0016,WAYPOINT3,comic,,cat,q3,inference,"A good lesson is that true friends will comfort you when you are down, while fake friends will just make fun of you.",23,0.0,0.4,0.0667,0.25,1.0,0.0,0.0,0.0,0.1608,0.5272,0.6007,0.6594,0.5888,0.6594,0.0588,WAYPOINT2,0.5171,True,0.3746,,,,,,,,
R0016,WAYPOINT3,comic,,cat,q4,metacognitive,"I thought of this because the cat tried to make him feel better when he was crying, but the kids just laughed at him and the cat. From my own life, I know that true friends stick by you during hard times instead of being mean.",46,0.2,0.2,0.1333,0.75,1.0,0.0,1.0,1.0,0.2592,0.417,0.6743,0.5989,0.7006,0.7006,0.0263,,0.5541,True,0.4361,,,,,,,,
R0016,WAYPOINT3,comic,,lying,q1,inference,"Sarah doesn't tell the teacher because Rachel has been her best friend since they were toddlers, and she doesn't want to ruin their friendship. Peer pressure makes it really hard to snitch on your friends.",35,0.4,0.4,0.1333,0.75,,,,,0.3592,0.5444,0.8489,0.8464,0.8523,0.8523,0.0034,,0.5496,True,0.4734,1.0,1.0,0.0,1.0,,,,
R0016,WAYPOINT3,comic,,lying,q2,metacognitive,"The story shows Rachel whispering to Sarah to not tell on her because they are best friends. I know from school that people usually cover for their friends even if they are cheating, because they don't want their friend to be mad at them.",44,0.6,0.4,0.1667,0.5,,,,,0.3833,0.3407,0.8169,0.6734,0.7611,0.8169,0.0558,WAYPOINT1,0.5719,True,0.4965,0.0,1.0,0.0,1.0,,,,
R0016,WAYPOINT3,comic,,lying,q3,inference,The lesson is that cheating is bad and it forces your friends into a really uncomfortable situation where they have to lie for you.,24,0.2,0.4,0.2,0.25,,,,,0.2575,0.5612,0.8123,0.7878,0.8053,0.8123,0.007,,0.5398,True,0.4269,0.0,0.0,0.0,1.0,,,,
R0016,WAYPOINT3,comic,,lying,q4,metacognitive,"I noticed Sarah looked nervous when the teacher asked if anything was going on, but she lied to protect Rachel anyway. I know from real life that keeping a bad secret for a friend can make you feel guilty too.",40,0.2,0.4,0.2,1.0,,,,,0.37,0.3831,0.6756,0.6864,0.7852,0.7852,0.0987,WAYPOINT3,0.5802,True,0.4961,1.0,1.0,1.0,1.0,,,,
R0016,WAYPOINT3,comic,,stealing,q1,inference,"He kept the lady's wallet because it had $300 in it, which was exactly how much he needed to buy the beautiful red bike his parents refused to buy him. Sometimes greed makes people ignore the rules.",37,0.4,0.25,0.2167,0.25,,,,,0.2758,0.4772,0.7754,0.7707,0.7376,0.7754,0.0047,,0.5469,True,0.4385,,,,,0.0,0.0,0.0,1.0
R0016,WAYPOINT3,comic,,stealing,q2,metacognitive,"The comic shows his parents saying no to the bike, and then he sees the exact amount of money he needs in the wallet. I know that when people want something really badly, they might make a bad choice and take something that isn't theirs.",45,0.4,0.25,0.0,0.25,,,,,0.2,0.3567,0.6723,0.5821,0.7217,0.7217,0.0494,,0.5718,True,0.4231,,,,,0.0,0.0,0.0,1.0
R0016,WAYPOINT3,comic,,stealing,q3,inference,The lesson is that you shouldn't steal from other people just because you are mad you didn't get what you wanted. Stealing is wrong and it hurts others.,28,0.0,0.25,0.0417,0.5,,,,,0.1521,0.5716,0.9124,0.8127,0.7234,0.9124,0.0997,WAYPOINT1,0.5196,True,0.3726,,,,,1.0,0.0,1.0,0.0
R0016,WAYPOINT3,comic,,stealing,q4,metacognitive,"I said that because Billy lied to the lady about finding her wallet just so he could get the red bike. In real life, taking someone's money is selfish because that lady probably needed her $300 to pay for her own things.",42,0.6,0.5,0.55,0.5,,,,,0.5425,0.3791,0.7962,0.5846,0.7392,0.7962,0.057,WAYPOINT1,0.5579,True,0.5517,,,,,1.0,0.0,0.0,1.0
